game_id,commence_time,in_play,bookmaker,home_team,away_team,market,point_1,label_2,odd_2,point_2,over/under
f1bc532dff946d15cb85654b5c4b246e,9/5/2025,FALSE,DraftKings,Philadelphia Eagles,Dallas Cowboys,spreads,-7,Dallas Cowboys,1.91,7,46.5
f1bc532dff946d15cb85654b5c4b246e,9/5/2025,FALSE,LowVig.ag,Philadelphia Eagles,Dallas Cowboys,spreads,-7,Dallas Cowboys,1.91,7,
f1bc532dff946d15cb85654b5c4b246e,9/5/2025,FALSE,BetOnline.ag,Philadelphia Eagles,Dallas Cowboys,spreads,-7,Dallas Cowboys,1.87,7,
f1bc532dff946d15cb85654b5c4b246e,9/5/2025,FALSE,MyBookie.ag,Philadelphia Eagles,Dallas Cowboys,spreads,-7,Dallas Cowboys,1.91,7,
f1bc532dff946d15cb85654b5c4b246e,9/5/2025,FALSE,BetMGM,Philadelphia Eagles,Dallas Cowboys,spreads,-7,Dallas Cowboys,1.91,7,
f1bc532dff946d15cb85654b5c4b246e,9/5/2025,FALSE,FanDuel,Philadelphia Eagles,Dallas Cowboys,spreads,-6.5,Dallas Cowboys,1.98,6.5,
f1bc532dff946d15cb85654b5c4b246e,9/5/2025,FALSE,BetRivers,Philadelphia Eagles,Dallas Cowboys,spreads,-7,Dallas Cowboys,1.85,7,
f1bc532dff946d15cb85654b5c4b246e,9/5/2025,FALSE,BetUS,Philadelphia Eagles,Dallas Cowboys,spreads,-7,Dallas Cowboys,1.87,7,
9535d3e3ee9d9fc83ea2b500ad0b587c,9/6/2025,FALSE,FanDuel,Los Angeles Chargers,Kansas City Chiefs,spreads,2.5,Kansas City Chiefs,1.87,-2.5,
9535d3e3ee9d9fc83ea2b500ad0b587c,9/6/2025,FALSE,LowVig.ag,Los Angeles Chargers,Kansas City Chiefs,spreads,2.5,Kansas City Chiefs,1.91,-2.5,
9535d3e3ee9d9fc83ea2b500ad0b587c,9/6/2025,FALSE,BetOnline.ag,Los Angeles Chargers,Kansas City Chiefs,spreads,2.5,Kansas City Chiefs,1.87,-2.5,
9535d3e3ee9d9fc83ea2b500ad0b587c,9/6/2025,FALSE,MyBookie.ag,Los Angeles Chargers,Kansas City Chiefs,spreads,2.5,Kansas City Chiefs,1.91,-2.5,
9535d3e3ee9d9fc83ea2b500ad0b587c,9/6/2025,FALSE,DraftKings,Los Angeles Chargers,Kansas City Chiefs,spreads,2.5,Kansas City Chiefs,1.91,-2.5,45.5
9535d3e3ee9d9fc83ea2b500ad0b587c,9/6/2025,FALSE,BetRivers,Los Angeles Chargers,Kansas City Chiefs,spreads,2.5,Kansas City Chiefs,1.85,-2.5,
9535d3e3ee9d9fc83ea2b500ad0b587c,9/6/2025,FALSE,BetMGM,Los Angeles Chargers,Kansas City Chiefs,spreads,2.5,Kansas City Chiefs,1.83,-2.5,
9535d3e3ee9d9fc83ea2b500ad0b587c,9/6/2025,FALSE,BetUS,Los Angeles Chargers,Kansas City Chiefs,spreads,2.5,Kansas City Chiefs,1.87,-2.5,
557d13ef8f4c1d21044f3a478cda6d0b,9/7/2025,FALSE,DraftKings,New Orleans Saints,Arizona Cardinals,spreads,5.5,Arizona Cardinals,1.91,-5.5,42.5
557d13ef8f4c1d21044f3a478cda6d0b,9/7/2025,FALSE,LowVig.ag,New Orleans Saints,Arizona Cardinals,spreads,6,Arizona Cardinals,1.95,-6,
557d13ef8f4c1d21044f3a478cda6d0b,9/7/2025,FALSE,BetOnline.ag,New Orleans Saints,Arizona Cardinals,spreads,6,Arizona Cardinals,1.91,-6,
557d13ef8f4c1d21044f3a478cda6d0b,9/7/2025,FALSE,FanDuel,New Orleans Saints,Arizona Cardinals,spreads,5.5,Arizona Cardinals,1.91,-5.5,
557d13ef8f4c1d21044f3a478cda6d0b,9/7/2025,FALSE,MyBookie.ag,New Orleans Saints,Arizona Cardinals,spreads,6,Arizona Cardinals,1.91,-6,
557d13ef8f4c1d21044f3a478cda6d0b,9/7/2025,FALSE,BetRivers,New Orleans Saints,Arizona Cardinals,spreads,5.5,Arizona Cardinals,1.89,-5.5,
557d13ef8f4c1d21044f3a478cda6d0b,9/7/2025,FALSE,BetMGM,New Orleans Saints,Arizona Cardinals,spreads,6,Arizona Cardinals,1.91,-6,
557d13ef8f4c1d21044f3a478cda6d0b,9/7/2025,FALSE,BetUS,New Orleans Saints,Arizona Cardinals,spreads,6,Arizona Cardinals,1.91,-6,
1e09eb3fe1385796c1a32000de48ac64,9/7/2025,FALSE,DraftKings,Atlanta Falcons,Tampa Bay Buccaneers,spreads,2.5,Tampa Bay Buccaneers,1.91,-2.5,48.5
1e09eb3fe1385796c1a32000de48ac64,9/7/2025,FALSE,FanDuel,Atlanta Falcons,Tampa Bay Buccaneers,spreads,1.5,Tampa Bay Buccaneers,1.95,-1.5,
1e09eb3fe1385796c1a32000de48ac64,9/7/2025,FALSE,LowVig.ag,Atlanta Falcons,Tampa Bay Buccaneers,spreads,1,Tampa Bay Buccaneers,1.95,-1,
1e09eb3fe1385796c1a32000de48ac64,9/7/2025,FALSE,BetOnline.ag,Atlanta Falcons,Tampa Bay Buccaneers,spreads,1,Tampa Bay Buccaneers,1.91,-1,
1e09eb3fe1385796c1a32000de48ac64,9/7/2025,FALSE,MyBookie.ag,Atlanta Falcons,Tampa Bay Buccaneers,spreads,2.5,Tampa Bay Buccaneers,1.91,-2.5,
1e09eb3fe1385796c1a32000de48ac64,9/7/2025,FALSE,BetRivers,Atlanta Falcons,Tampa Bay Buccaneers,spreads,1.5,Tampa Bay Buccaneers,1.88,-1.5,
1e09eb3fe1385796c1a32000de48ac64,9/7/2025,FALSE,BetMGM,Atlanta Falcons,Tampa Bay Buccaneers,spreads,1.5,Tampa Bay Buccaneers,1.87,-1.5,
1e09eb3fe1385796c1a32000de48ac64,9/7/2025,FALSE,BetUS,Atlanta Falcons,Tampa Bay Buccaneers,spreads,0,Tampa Bay Buccaneers,1.91,0,
394256a6c3d0f5ecd1208fffaae6a72f,9/7/2025,FALSE,DraftKings,Jacksonville Jaguars,Carolina Panthers,spreads,-3,Carolina Panthers,1.89,3,45.5
394256a6c3d0f5ecd1208fffaae6a72f,9/7/2025,FALSE,FanDuel,Jacksonville Jaguars,Carolina Panthers,spreads,-2.5,Carolina Panthers,1.95,2.5,
394256a6c3d0f5ecd1208fffaae6a72f,9/7/2025,FALSE,LowVig.ag,Jacksonville Jaguars,Carolina Panthers,spreads,-2.5,Carolina Panthers,2.05,2.5,
394256a6c3d0f5ecd1208fffaae6a72f,9/7/2025,FALSE,BetOnline.ag,Jacksonville Jaguars,Carolina Panthers,spreads,-2.5,Carolina Panthers,2,2.5,
394256a6c3d0f5ecd1208fffaae6a72f,9/7/2025,FALSE,MyBookie.ag,Jacksonville Jaguars,Carolina Panthers,spreads,-2.5,Carolina Panthers,1.91,2.5,
394256a6c3d0f5ecd1208fffaae6a72f,9/7/2025,FALSE,BetRivers,Jacksonville Jaguars,Carolina Panthers,spreads,-2.5,Carolina Panthers,1.93,2.5,
394256a6c3d0f5ecd1208fffaae6a72f,9/7/2025,FALSE,BetMGM,Jacksonville Jaguars,Carolina Panthers,spreads,-2.5,Carolina Panthers,2,2.5,
394256a6c3d0f5ecd1208fffaae6a72f,9/7/2025,FALSE,BetUS,Jacksonville Jaguars,Carolina Panthers,spreads,-2.5,Carolina Panthers,2,2.5,
e2d3b0596efcebc1c19dab92009f5e26,9/7/2025,FALSE,DraftKings,Cleveland Browns,Cincinnati Bengals,spreads,5.5,Cincinnati Bengals,1.91,-5.5,44.5
e2d3b0596efcebc1c19dab92009f5e26,9/7/2025,FALSE,FanDuel,Cleveland Browns,Cincinnati Bengals,spreads,5.5,Cincinnati Bengals,1.87,-5.5,
e2d3b0596efcebc1c19dab92009f5e26,9/7/2025,FALSE,LowVig.ag,Cleveland Browns,Cincinnati Bengals,spreads,5.5,Cincinnati Bengals,1.95,-5.5,
e2d3b0596efcebc1c19dab92009f5e26,9/7/2025,FALSE,BetOnline.ag,Cleveland Browns,Cincinnati Bengals,spreads,5.5,Cincinnati Bengals,1.91,-5.5,
e2d3b0596efcebc1c19dab92009f5e26,9/7/2025,FALSE,MyBookie.ag,Cleveland Browns,Cincinnati Bengals,spreads,5.5,Cincinnati Bengals,1.91,-5.5,
e2d3b0596efcebc1c19dab92009f5e26,9/7/2025,FALSE,BetRivers,Cleveland Browns,Cincinnati Bengals,spreads,5.5,Cincinnati Bengals,1.89,-5.5,
e2d3b0596efcebc1c19dab92009f5e26,9/7/2025,FALSE,BetUS,Cleveland Browns,Cincinnati Bengals,spreads,5.5,Cincinnati Bengals,1.91,-5.5,
b02a72c768a6c6dee87aa74f78e84176,9/7/2025,FALSE,DraftKings,Indianapolis Colts,Miami Dolphins,spreads,-1.5,Miami Dolphins,1.83,1.5,45.5
b02a72c768a6c6dee87aa74f78e84176,9/7/2025,FALSE,FanDuel,Indianapolis Colts,Miami Dolphins,spreads,-1.5,Miami Dolphins,1.83,1.5,
b02a72c768a6c6dee87aa74f78e84176,9/7/2025,FALSE,LowVig.ag,Indianapolis Colts,Miami Dolphins,spreads,1.5,Miami Dolphins,1.95,-1.5,
b02a72c768a6c6dee87aa74f78e84176,9/7/2025,FALSE,BetOnline.ag,Indianapolis Colts,Miami Dolphins,spreads,1.5,Miami Dolphins,1.91,-1.5,
b02a72c768a6c6dee87aa74f78e84176,9/7/2025,FALSE,MyBookie.ag,Indianapolis Colts,Miami Dolphins,spreads,1,Miami Dolphins,1.91,-1,
b02a72c768a6c6dee87aa74f78e84176,9/7/2025,FALSE,BetRivers,Indianapolis Colts,Miami Dolphins,spreads,-1,Miami Dolphins,1.87,1,
b02a72c768a6c6dee87aa74f78e84176,9/7/2025,FALSE,BetMGM,Indianapolis Colts,Miami Dolphins,spreads,1.5,Miami Dolphins,2,-1.5,
b02a72c768a6c6dee87aa74f78e84176,9/7/2025,FALSE,BetUS,Indianapolis Colts,Miami Dolphins,spreads,1,Miami Dolphins,1.91,-1,
0b2455795dfcd692dd607503e4f20d04,9/7/2025,FALSE,DraftKings,New England Patriots,Las Vegas Raiders,spreads,-3,Las Vegas Raiders,1.95,3,42.5
0b2455795dfcd692dd607503e4f20d04,9/7/2025,FALSE,LowVig.ag,New England Patriots,Las Vegas Raiders,spreads,-3,Las Vegas Raiders,1.88,3,
0b2455795dfcd692dd607503e4f20d04,9/7/2025,FALSE,BetOnline.ag,New England Patriots,Las Vegas Raiders,spreads,-3,Las Vegas Raiders,1.85,3,
0b2455795dfcd692dd607503e4f20d04,9/7/2025,FALSE,FanDuel,New England Patriots,Las Vegas Raiders,spreads,-2.5,Las Vegas Raiders,2,2.5,
0b2455795dfcd692dd607503e4f20d04,9/7/2025,FALSE,BetRivers,New England Patriots,Las Vegas Raiders,spreads,-3,Las Vegas Raiders,1.88,3,
0b2455795dfcd692dd607503e4f20d04,9/7/2025,FALSE,MyBookie.ag,New England Patriots,Las Vegas Raiders,spreads,-3,Las Vegas Raiders,1.91,3,
0b2455795dfcd692dd607503e4f20d04,9/7/2025,FALSE,BetMGM,New England Patriots,Las Vegas Raiders,spreads,-3,Las Vegas Raiders,1.87,3,
0b2455795dfcd692dd607503e4f20d04,9/7/2025,FALSE,BetUS,New England Patriots,Las Vegas Raiders,spreads,-3,Las Vegas Raiders,1.87,3,
4cce00ca468c67eca17a9a061f778fb2,9/7/2025,FALSE,FanDuel,Washington Commanders,New York Giants,spreads,-6.5,New York Giants,1.91,6.5,
4cce00ca468c67eca17a9a061f778fb2,9/7/2025,FALSE,LowVig.ag,Washington Commanders,New York Giants,spreads,-6.5,New York Giants,1.95,6.5,
4cce00ca468c67eca17a9a061f778fb2,9/7/2025,FALSE,BetOnline.ag,Washington Commanders,New York Giants,spreads,-6.5,New York Giants,1.91,6.5,
4cce00ca468c67eca17a9a061f778fb2,9/7/2025,FALSE,DraftKings,Washington Commanders,New York Giants,spreads,-7,New York Giants,1.87,7,45.5
4cce00ca468c67eca17a9a061f778fb2,9/7/2025,FALSE,MyBookie.ag,Washington Commanders,New York Giants,spreads,-6.5,New York Giants,1.91,6.5,
4cce00ca468c67eca17a9a061f778fb2,9/7/2025,FALSE,BetRivers,Washington Commanders,New York Giants,spreads,-6.5,New York Giants,1.91,6.5,
4cce00ca468c67eca17a9a061f778fb2,9/7/2025,FALSE,BetMGM,Washington Commanders,New York Giants,spreads,-7,New York Giants,1.87,7,
4cce00ca468c67eca17a9a061f778fb2,9/7/2025,FALSE,BetUS,Washington Commanders,New York Giants,spreads,-6.5,New York Giants,1.91,6.5,
5ed483bb614b18955f8b43f177746371,9/7/2025,FALSE,DraftKings,New York Jets,Pittsburgh Steelers,spreads,3,Pittsburgh Steelers,1.98,-3,39.5
5ed483bb614b18955f8b43f177746371,9/7/2025,FALSE,FanDuel,New York Jets,Pittsburgh Steelers,spreads,3,Pittsburgh Steelers,1.94,-3,
5ed483bb614b18955f8b43f177746371,9/7/2025,FALSE,LowVig.ag,New York Jets,Pittsburgh Steelers,spreads,3,Pittsburgh Steelers,2.05,-3,
5ed483bb614b18955f8b43f177746371,9/7/2025,FALSE,BetOnline.ag,New York Jets,Pittsburgh Steelers,spreads,3,Pittsburgh Steelers,2,-3,
5ed483bb614b18955f8b43f177746371,9/7/2025,FALSE,MyBookie.ag,New York Jets,Pittsburgh Steelers,spreads,3,Pittsburgh Steelers,1.95,-3,
5ed483bb614b18955f8b43f177746371,9/7/2025,FALSE,BetRivers,New York Jets,Pittsburgh Steelers,spreads,3,Pittsburgh Steelers,1.94,-3,
5ed483bb614b18955f8b43f177746371,9/7/2025,FALSE,BetMGM,New York Jets,Pittsburgh Steelers,spreads,3,Pittsburgh Steelers,1.91,-3,
5ed483bb614b18955f8b43f177746371,9/7/2025,FALSE,BetUS,New York Jets,Pittsburgh Steelers,spreads,3,Pittsburgh Steelers,2,-3,
68397f3aa9eb847a421a49f990a11928,9/7/2025,FALSE,FanDuel,Denver Broncos,Tennessee Titans,spreads,-7,Tennessee Titans,1.95,7,
68397f3aa9eb847a421a49f990a11928,9/7/2025,FALSE,LowVig.ag,Denver Broncos,Tennessee Titans,spreads,-7.5,Tennessee Titans,1.95,7.5,
68397f3aa9eb847a421a49f990a11928,9/7/2025,FALSE,BetOnline.ag,Denver Broncos,Tennessee Titans,spreads,-7.5,Tennessee Titans,1.91,7.5,
68397f3aa9eb847a421a49f990a11928,9/7/2025,FALSE,DraftKings,Denver Broncos,Tennessee Titans,spreads,-7.5,Tennessee Titans,1.95,7.5,41.5
68397f3aa9eb847a421a49f990a11928,9/7/2025,FALSE,MyBookie.ag,Denver Broncos,Tennessee Titans,spreads,-7.5,Tennessee Titans,1.91,7.5,
68397f3aa9eb847a421a49f990a11928,9/7/2025,FALSE,BetMGM,Denver Broncos,Tennessee Titans,spreads,-7.5,Tennessee Titans,1.95,7.5,
68397f3aa9eb847a421a49f990a11928,9/7/2025,FALSE,BetUS,Denver Broncos,Tennessee Titans,spreads,-7.5,Tennessee Titans,1.91,7.5,
68397f3aa9eb847a421a49f990a11928,9/7/2025,FALSE,BetRivers,Denver Broncos,Tennessee Titans,spreads,-7.5,Tennessee Titans,1.89,7.5,
9f1ad249959aacae89e5e74e43429a4a,9/7/2025,FALSE,FanDuel,Seattle Seahawks,San Francisco 49ers,spreads,1.5,San Francisco 49ers,1.91,-1.5,
9f1ad249959aacae89e5e74e43429a4a,9/7/2025,FALSE,LowVig.ag,Seattle Seahawks,San Francisco 49ers,spreads,2,San Francisco 49ers,1.95,-2,
9f1ad249959aacae89e5e74e43429a4a,9/7/2025,FALSE,BetOnline.ag,Seattle Seahawks,San Francisco 49ers,spreads,2,San Francisco 49ers,1.91,-2,
9f1ad249959aacae89e5e74e43429a4a,9/7/2025,FALSE,DraftKings,Seattle Seahawks,San Francisco 49ers,spreads,1.5,San Francisco 49ers,1.91,-1.5,45.5
9f1ad249959aacae89e5e74e43429a4a,9/7/2025,FALSE,MyBookie.ag,Seattle Seahawks,San Francisco 49ers,spreads,1.5,San Francisco 49ers,1.91,-1.5,
9f1ad249959aacae89e5e74e43429a4a,9/7/2025,FALSE,BetRivers,Seattle Seahawks,San Francisco 49ers,spreads,1.5,San Francisco 49ers,1.88,-1.5,
9f1ad249959aacae89e5e74e43429a4a,9/7/2025,FALSE,BetMGM,Seattle Seahawks,San Francisco 49ers,spreads,1.5,San Francisco 49ers,1.87,-1.5,
9f1ad249959aacae89e5e74e43429a4a,9/7/2025,FALSE,BetUS,Seattle Seahawks,San Francisco 49ers,spreads,2,San Francisco 49ers,1.91,-2,
8e0e2d9237098222f9ca7554b11b12bb,9/7/2025,FALSE,FanDuel,Green Bay Packers,Detroit Lions,spreads,-1.5,Detroit Lions,1.88,1.5,
8e0e2d9237098222f9ca7554b11b12bb,9/7/2025,FALSE,LowVig.ag,Green Bay Packers,Detroit Lions,spreads,-2.5,Detroit Lions,2,2.5,
8e0e2d9237098222f9ca7554b11b12bb,9/7/2025,FALSE,BetOnline.ag,Green Bay Packers,Detroit Lions,spreads,-2.5,Detroit Lions,1.95,2.5,
8e0e2d9237098222f9ca7554b11b12bb,9/7/2025,FALSE,DraftKings,Green Bay Packers,Detroit Lions,spreads,-1.5,Detroit Lions,1.91,1.5,48.5
8e0e2d9237098222f9ca7554b11b12bb,9/7/2025,FALSE,BetRivers,Green Bay Packers,Detroit Lions,spreads,-1.5,Detroit Lions,1.88,1.5,
8e0e2d9237098222f9ca7554b11b12bb,9/7/2025,FALSE,BetMGM,Green Bay Packers,Detroit Lions,spreads,-1.5,Detroit Lions,1.91,1.5,
8e0e2d9237098222f9ca7554b11b12bb,9/7/2025,FALSE,MyBookie.ag,Green Bay Packers,Detroit Lions,spreads,-2.5,Detroit Lions,1.91,2.5,
8e0e2d9237098222f9ca7554b11b12bb,9/7/2025,FALSE,BetUS,Green Bay Packers,Detroit Lions,spreads,-2,Detroit Lions,1.91,2,
dc0e3db61983a138098f28226788d2d3,9/7/2025,FALSE,FanDuel,Los Angeles Rams,Houston Texans,spreads,-2.5,Houston Texans,1.96,2.5,
dc0e3db61983a138098f28226788d2d3,9/7/2025,FALSE,LowVig.ag,Los Angeles Rams,Houston Texans,spreads,-2.5,Houston Texans,2,2.5,
dc0e3db61983a138098f28226788d2d3,9/7/2025,FALSE,BetOnline.ag,Los Angeles Rams,Houston Texans,spreads,-2.5,Houston Texans,1.95,2.5,
dc0e3db61983a138098f28226788d2d3,9/7/2025,FALSE,DraftKings,Los Angeles Rams,Houston Texans,spreads,-3,Houston Texans,1.91,3,45.5
dc0e3db61983a138098f28226788d2d3,9/7/2025,FALSE,BetRivers,Los Angeles Rams,Houston Texans,spreads,-3,Houston Texans,1.83,3,
dc0e3db61983a138098f28226788d2d3,9/7/2025,FALSE,MyBookie.ag,Los Angeles Rams,Houston Texans,spreads,-3,Houston Texans,1.91,3,
dc0e3db61983a138098f28226788d2d3,9/7/2025,FALSE,BetUS,Los Angeles Rams,Houston Texans,spreads,-3,Houston Texans,1.83,3,
dee0a41ed5e8201a96d457899adbe918,9/8/2025,FALSE,FanDuel,Buffalo Bills,Baltimore Ravens,spreads,-1.5,Baltimore Ravens,1.87,1.5,
dee0a41ed5e8201a96d457899adbe918,9/8/2025,FALSE,LowVig.ag,Buffalo Bills,Baltimore Ravens,spreads,-2,Baltimore Ravens,1.91,2,
dee0a41ed5e8201a96d457899adbe918,9/8/2025,FALSE,BetOnline.ag,Buffalo Bills,Baltimore Ravens,spreads,-2,Baltimore Ravens,1.87,2,
dee0a41ed5e8201a96d457899adbe918,9/8/2025,FALSE,DraftKings,Buffalo Bills,Baltimore Ravens,spreads,-1.5,Baltimore Ravens,1.91,1.5,51.5
dee0a41ed5e8201a96d457899adbe918,9/8/2025,FALSE,BetRivers,Buffalo Bills,Baltimore Ravens,spreads,-1.5,Baltimore Ravens,1.88,1.5,
dee0a41ed5e8201a96d457899adbe918,9/8/2025,FALSE,MyBookie.ag,Buffalo Bills,Baltimore Ravens,spreads,-1,Baltimore Ravens,1.91,1,
dee0a41ed5e8201a96d457899adbe918,9/8/2025,FALSE,BetMGM,Buffalo Bills,Baltimore Ravens,spreads,-1.5,Baltimore Ravens,1.87,1.5,
dee0a41ed5e8201a96d457899adbe918,9/8/2025,FALSE,BetUS,Buffalo Bills,Baltimore Ravens,spreads,-1,Baltimore Ravens,1.95,1,
c6d7807cee33d5e81c671527b9c8b3f1,9/9/2025,FALSE,FanDuel,Chicago Bears,Minnesota Vikings,spreads,-1.5,Minnesota Vikings,1.83,1.5,
c6d7807cee33d5e81c671527b9c8b3f1,9/9/2025,FALSE,LowVig.ag,Chicago Bears,Minnesota Vikings,spreads,0,Minnesota Vikings,1.91,0,
c6d7807cee33d5e81c671527b9c8b3f1,9/9/2025,FALSE,BetOnline.ag,Chicago Bears,Minnesota Vikings,spreads,0,Minnesota Vikings,1.87,0,
c6d7807cee33d5e81c671527b9c8b3f1,9/9/2025,FALSE,DraftKings,Chicago Bears,Minnesota Vikings,spreads,-1.5,Minnesota Vikings,1.87,1.5,44.5
c6d7807cee33d5e81c671527b9c8b3f1,9/9/2025,FALSE,MyBookie.ag,Chicago Bears,Minnesota Vikings,spreads,-1,Minnesota Vikings,1.91,1,
c6d7807cee33d5e81c671527b9c8b3f1,9/9/2025,FALSE,BetRivers,Chicago Bears,Minnesota Vikings,spreads,-1,Minnesota Vikings,1.89,1,
c6d7807cee33d5e81c671527b9c8b3f1,9/9/2025,FALSE,BetMGM,Chicago Bears,Minnesota Vikings,spreads,-1.5,Minnesota Vikings,1.87,1.5,
c6d7807cee33d5e81c671527b9c8b3f1,9/9/2025,FALSE,BetUS,Chicago Bears,Minnesota Vikings,spreads,0,Minnesota Vikings,1.91,0,
0c6e5d9821ce0d3e82f3e792879776a6,9/12/2025,FALSE,DraftKings,Green Bay Packers,Washington Commanders,spreads,-1.5,Washington Commanders,1.93,1.5,
0c6e5d9821ce0d3e82f3e792879776a6,9/12/2025,FALSE,MyBookie.ag,Green Bay Packers,Washington Commanders,spreads,-1.5,Washington Commanders,1.91,1.5,
0c6e5d9821ce0d3e82f3e792879776a6,9/12/2025,FALSE,BetUS,Green Bay Packers,Washington Commanders,spreads,-1.5,Washington Commanders,1.95,1.5,
0c6e5d9821ce0d3e82f3e792879776a6,9/12/2025,FALSE,BetMGM,Green Bay Packers,Washington Commanders,spreads,-1.5,Washington Commanders,1.91,1.5,
553edb8bf2452482b37dde58e832a6fb,9/14/2025,FALSE,DraftKings,Baltimore Ravens,Cleveland Browns,spreads,-12.5,Cleveland Browns,1.91,12.5,
553edb8bf2452482b37dde58e832a6fb,9/14/2025,FALSE,MyBookie.ag,Baltimore Ravens,Cleveland Browns,spreads,-12.5,Cleveland Browns,1.91,12.5,
553edb8bf2452482b37dde58e832a6fb,9/14/2025,FALSE,BetUS,Baltimore Ravens,Cleveland Browns,spreads,-13,Cleveland Browns,1.83,13,
cd0fd9335b5182d3bfed35ab8d5ab6fb,9/14/2025,FALSE,DraftKings,New York Jets,Buffalo Bills,spreads,8.5,Buffalo Bills,1.91,-8.5,
cd0fd9335b5182d3bfed35ab8d5ab6fb,9/14/2025,FALSE,BetMGM,New York Jets,Buffalo Bills,spreads,8.5,Buffalo Bills,1.91,-8.5,
1ee9ea2c8256bc6be5dd92e60f6c17de,9/14/2025,FALSE,DraftKings,Detroit Lions,Chicago Bears,spreads,-4.5,Chicago Bears,1.91,4.5,
1ee9ea2c8256bc6be5dd92e60f6c17de,9/14/2025,FALSE,MyBookie.ag,Detroit Lions,Chicago Bears,spreads,-4.5,Chicago Bears,1.91,4.5,
ec75e45d75691f810f347e0c5ff25d6e,9/14/2025,FALSE,DraftKings,Cincinnati Bengals,Jacksonville Jaguars,spreads,-5.5,Jacksonville Jaguars,1.91,5.5,
ec75e45d75691f810f347e0c5ff25d6e,9/14/2025,FALSE,MyBookie.ag,Cincinnati Bengals,Jacksonville Jaguars,spreads,-5.5,Jacksonville Jaguars,1.91,5.5,
ec75e45d75691f810f347e0c5ff25d6e,9/14/2025,FALSE,BetUS,Cincinnati Bengals,Jacksonville Jaguars,spreads,-5.5,Jacksonville Jaguars,1.91,5.5,
05a5b084f4e19535b2d3f91ef5c00169,9/14/2025,FALSE,DraftKings,Dallas Cowboys,New York Giants,spreads,-4.5,New York Giants,1.87,4.5,
05a5b084f4e19535b2d3f91ef5c00169,9/14/2025,FALSE,MyBookie.ag,Dallas Cowboys,New York Giants,spreads,-4.5,New York Giants,1.91,4.5,
05a5b084f4e19535b2d3f91ef5c00169,9/14/2025,FALSE,BetUS,Dallas Cowboys,New York Giants,spreads,-4.5,New York Giants,1.83,4.5,
0e6f68b30237afc04d1517a193213a65,9/14/2025,FALSE,DraftKings,Tennessee Titans,Los Angeles Rams,spreads,5.5,Los Angeles Rams,1.91,-5.5,
0e6f68b30237afc04d1517a193213a65,9/14/2025,FALSE,BetUS,Tennessee Titans,Los Angeles Rams,spreads,6,Los Angeles Rams,2,-6,
575c1b169aab675ec72372ccb0f4c55f,9/14/2025,FALSE,DraftKings,Miami Dolphins,New England Patriots,spreads,-2.5,New England Patriots,1.91,2.5,
575c1b169aab675ec72372ccb0f4c55f,9/14/2025,FALSE,MyBookie.ag,Miami Dolphins,New England Patriots,spreads,-2.5,New England Patriots,1.91,2.5,
575c1b169aab675ec72372ccb0f4c55f,9/14/2025,FALSE,BetUS,Miami Dolphins,New England Patriots,spreads,-3,New England Patriots,1.83,3,
866d7405986fb4d14897cdb6c0aa5926,9/14/2025,FALSE,DraftKings,New Orleans Saints,San Francisco 49ers,spreads,7,San Francisco 49ers,1.91,-7,
866d7405986fb4d14897cdb6c0aa5926,9/14/2025,FALSE,BetUS,New Orleans Saints,San Francisco 49ers,spreads,7,San Francisco 49ers,1.87,-7,
82f9fd7001598d5cf9c1bdd57c66cae4,9/14/2025,FALSE,DraftKings,Pittsburgh Steelers,Seattle Seahawks,spreads,-1.5,Seattle Seahawks,1.91,1.5,
82f9fd7001598d5cf9c1bdd57c66cae4,9/14/2025,FALSE,BetUS,Pittsburgh Steelers,Seattle Seahawks,spreads,-1,Seattle Seahawks,1.95,1,
7e2ad5ef04493526707e0868f7b70c47,9/14/2025,FALSE,DraftKings,Arizona Cardinals,Carolina Panthers,spreads,-4.5,Carolina Panthers,1.91,4.5,
7e2ad5ef04493526707e0868f7b70c47,9/14/2025,FALSE,BetUS,Arizona Cardinals,Carolina Panthers,spreads,-4.5,Carolina Panthers,1.91,4.5,
e217b38ef8bc6e98d3512cb42b90782e,9/14/2025,FALSE,DraftKings,Indianapolis Colts,Denver Broncos,spreads,3.5,Denver Broncos,1.91,-3.5,
e217b38ef8bc6e98d3512cb42b90782e,9/14/2025,FALSE,BetUS,Indianapolis Colts,Denver Broncos,spreads,3.5,Denver Broncos,1.91,-3.5,
bbec8d71145954cff67915c9b006bb6e,9/14/2025,FALSE,FanDuel,Kansas City Chiefs,Philadelphia Eagles,spreads,-1.5,Philadelphia Eagles,1.83,1.5,
bbec8d71145954cff67915c9b006bb6e,9/14/2025,FALSE,DraftKings,Kansas City Chiefs,Philadelphia Eagles,spreads,-1.5,Philadelphia Eagles,1.91,1.5,
bbec8d71145954cff67915c9b006bb6e,9/14/2025,FALSE,MyBookie.ag,Kansas City Chiefs,Philadelphia Eagles,spreads,-1.5,Philadelphia Eagles,1.91,1.5,
bbec8d71145954cff67915c9b006bb6e,9/14/2025,FALSE,BetMGM,Kansas City Chiefs,Philadelphia Eagles,spreads,-1.5,Philadelphia Eagles,1.85,1.5,
bbec8d71145954cff67915c9b006bb6e,9/14/2025,FALSE,BetUS,Kansas City Chiefs,Philadelphia Eagles,spreads,-1,Philadelphia Eagles,1.95,1,
37d09ce5d357536d0e58dd4ba0ab4106,9/15/2025,FALSE,DraftKings,Minnesota Vikings,Atlanta Falcons,spreads,-4.5,Atlanta Falcons,1.91,4.5,
37d09ce5d357536d0e58dd4ba0ab4106,9/15/2025,FALSE,BetUS,Minnesota Vikings,Atlanta Falcons,spreads,-4.5,Atlanta Falcons,1.87,4.5,
7d9a04f411031528d9c1d2df7b9a0453,9/15/2025,FALSE,DraftKings,Houston Texans,Tampa Bay Buccaneers,spreads,-1.5,Tampa Bay Buccaneers,1.95,1.5,
7d9a04f411031528d9c1d2df7b9a0453,9/15/2025,FALSE,BetUS,Houston Texans,Tampa Bay Buccaneers,spreads,-1,Tampa Bay Buccaneers,2,1,
bebae12f59f19bd877df7ac3cab05263,9/16/2025,FALSE,DraftKings,Las Vegas Raiders,Los Angeles Chargers,spreads,3,Los Angeles Chargers,1.91,-3,
bebae12f59f19bd877df7ac3cab05263,9/16/2025,FALSE,BetUS,Las Vegas Raiders,Los Angeles Chargers,spreads,3,Los Angeles Chargers,1.91,-3,
aca5234c57e31b1931e51d2d0d6046f5,9/19/2025,FALSE,DraftKings,Buffalo Bills,Miami Dolphins,spreads,-8.5,Miami Dolphins,1.91,8.5,
5737e4dbf6879c5061bb23033a4d8a55,9/21/2025,FALSE,DraftKings,Carolina Panthers,Atlanta Falcons,spreads,-1.5,Atlanta Falcons,1.91,1.5,
5737e4dbf6879c5061bb23033a4d8a55,9/21/2025,FALSE,BetUS,Carolina Panthers,Atlanta Falcons,spreads,-1,Atlanta Falcons,1.91,1,
eefb7f130c8fc2c129e296fe5c6ba3e3,9/21/2025,FALSE,DraftKings,Minnesota Vikings,Cincinnati Bengals,spreads,-1.5,Cincinnati Bengals,1.91,1.5,
eefb7f130c8fc2c129e296fe5c6ba3e3,9/21/2025,FALSE,BetUS,Minnesota Vikings,Cincinnati Bengals,spreads,-1,Cincinnati Bengals,1.95,1,
581955d1b79fe87a3a61a4885cd7ea67,9/21/2025,FALSE,DraftKings,Cleveland Browns,Green Bay Packers,spreads,5.5,Green Bay Packers,1.91,-5.5,
581955d1b79fe87a3a61a4885cd7ea67,9/21/2025,FALSE,BetUS,Cleveland Browns,Green Bay Packers,spreads,6,Green Bay Packers,2,-6,
97de7672b61dbddbce982711c121e76d,9/21/2025,FALSE,DraftKings,Jacksonville Jaguars,Houston Texans,spreads,1.5,Houston Texans,1.91,-1.5,
97de7672b61dbddbce982711c121e76d,9/21/2025,FALSE,BetUS,Jacksonville Jaguars,Houston Texans,spreads,1,Houston Texans,1.83,-1,
bb506016737825f4d0b1f9862f95c246,9/21/2025,FALSE,DraftKings,Tennessee Titans,Indianapolis Colts,spreads,-1.5,Indianapolis Colts,1.91,1.5,
bb506016737825f4d0b1f9862f95c246,9/21/2025,FALSE,BetMGM,Tennessee Titans,Indianapolis Colts,spreads,-1.5,Indianapolis Colts,1.91,1.5,
bb506016737825f4d0b1f9862f95c246,9/21/2025,FALSE,BetUS,Tennessee Titans,Indianapolis Colts,spreads,-1,Indianapolis Colts,1.95,1,
03a5eed2c8ef5d1c8a48866ea4b0d63a,9/21/2025,FALSE,DraftKings,Washington Commanders,Las Vegas Raiders,spreads,-7.5,Las Vegas Raiders,1.91,7.5,
03a5eed2c8ef5d1c8a48866ea4b0d63a,9/21/2025,FALSE,BetUS,Washington Commanders,Las Vegas Raiders,spreads,-7.5,Las Vegas Raiders,1.91,7.5,
4c4ae4a2d54fc3f71c450187e9391ddc,9/21/2025,FALSE,DraftKings,Philadelphia Eagles,Los Angeles Rams,spreads,-4.5,Los Angeles Rams,1.93,4.5,
4c4ae4a2d54fc3f71c450187e9391ddc,9/21/2025,FALSE,BetUS,Philadelphia Eagles,Los Angeles Rams,spreads,-4.5,Los Angeles Rams,1.95,4.5,
c4c42918a645b1a4773f47d7eaa5cfcf,9/21/2025,FALSE,DraftKings,New England Patriots,Pittsburgh Steelers,spreads,-1.5,Pittsburgh Steelers,1.91,1.5,
c4c42918a645b1a4773f47d7eaa5cfcf,9/21/2025,FALSE,BetUS,New England Patriots,Pittsburgh Steelers,spreads,-1,Pittsburgh Steelers,1.95,1,
02522f48a7b7e7524881c1b1638cd94d,9/21/2025,FALSE,DraftKings,Tampa Bay Buccaneers,New York Jets,spreads,-7.5,New York Jets,1.89,7.5,
0ee3f5a0078c21cfdffd1b97002e7da5,9/21/2025,FALSE,DraftKings,Los Angeles Chargers,Denver Broncos,spreads,-1.5,Denver Broncos,1.91,1.5,
0ee3f5a0078c21cfdffd1b97002e7da5,9/21/2025,FALSE,BetUS,Los Angeles Chargers,Denver Broncos,spreads,-1,Denver Broncos,2,1,
311c411c2d53e36a902763dc7a2ef678,9/21/2025,FALSE,DraftKings,Seattle Seahawks,New Orleans Saints,spreads,-6.5,New Orleans Saints,1.91,6.5,
311c411c2d53e36a902763dc7a2ef678,9/21/2025,FALSE,BetUS,Seattle Seahawks,New Orleans Saints,spreads,-6.5,New Orleans Saints,1.95,6.5,
20b50dac292089c063b21e1410f172ef,9/21/2025,FALSE,DraftKings,San Francisco 49ers,Arizona Cardinals,spreads,-3.5,Arizona Cardinals,1.95,3.5,
20b50dac292089c063b21e1410f172ef,9/21/2025,FALSE,BetMGM,San Francisco 49ers,Arizona Cardinals,spreads,-3.5,Arizona Cardinals,1.91,3.5,
20b50dac292089c063b21e1410f172ef,9/21/2025,FALSE,BetUS,San Francisco 49ers,Arizona Cardinals,spreads,-3.5,Arizona Cardinals,1.91,3.5,
186868cc79ce1f5d22075b67ebbc7b64,9/21/2025,FALSE,DraftKings,Chicago Bears,Dallas Cowboys,spreads,-3,Dallas Cowboys,1.91,3,
ee840f13db8bd150fcdd8f6670fa7041,9/22/2025,FALSE,DraftKings,New York Giants,Kansas City Chiefs,spreads,6.5,Kansas City Chiefs,1.91,-6.5,
ee840f13db8bd150fcdd8f6670fa7041,9/22/2025,FALSE,BetUS,New York Giants,Kansas City Chiefs,spreads,6.5,Kansas City Chiefs,1.91,-6.5,
6e67ddae4bb01d1c2d3f461ee62d2666,9/23/2025,FALSE,DraftKings,Baltimore Ravens,Detroit Lions,spreads,-3.5,Detroit Lions,1.91,3.5,
4a08b89f07a4a395620f6df5c1d239f4,9/26/2025,FALSE,DraftKings,Arizona Cardinals,Seattle Seahawks,spreads,-2.5,Seattle Seahawks,1.91,2.5,
4a08b89f07a4a395620f6df5c1d239f4,9/26/2025,FALSE,BetMGM,Arizona Cardinals,Seattle Seahawks,spreads,-2.5,Seattle Seahawks,1.91,2.5,
4a08b89f07a4a395620f6df5c1d239f4,9/26/2025,FALSE,BetUS,Arizona Cardinals,Seattle Seahawks,spreads,-2.5,Seattle Seahawks,1.87,2.5,
4dd631102a977fd398f7ea594ed208f2,9/28/2025,FALSE,DraftKings,Pittsburgh Steelers,Minnesota Vikings,spreads,1.5,Minnesota Vikings,1.91,-1.5,
4dd631102a977fd398f7ea594ed208f2,9/28/2025,FALSE,MyBookie.ag,Pittsburgh Steelers,Minnesota Vikings,spreads,1.5,Minnesota Vikings,1.91,-1.5,
4dd631102a977fd398f7ea594ed208f2,9/28/2025,FALSE,BetMGM,Pittsburgh Steelers,Minnesota Vikings,spreads,1.5,Minnesota Vikings,1.91,-1.5,
4dd631102a977fd398f7ea594ed208f2,9/28/2025,FALSE,BetUS,Pittsburgh Steelers,Minnesota Vikings,spreads,1,Minnesota Vikings,1.87,-1,
b7934d72587b62de0f563ac9acbaa770,9/28/2025,FALSE,DraftKings,Atlanta Falcons,Washington Commanders,spreads,3.5,Washington Commanders,1.91,-3.5,
b7934d72587b62de0f563ac9acbaa770,9/28/2025,FALSE,BetUS,Atlanta Falcons,Washington Commanders,spreads,3.5,Washington Commanders,2,-3.5,
d16a43752aaac66e9ff8768d8590b662,9/28/2025,FALSE,DraftKings,Buffalo Bills,New Orleans Saints,spreads,-12.5,New Orleans Saints,1.91,12.5,
f8fe40924827231233dc10f6999d8ff7,9/28/2025,FALSE,DraftKings,New England Patriots,Carolina Panthers,spreads,-3.5,Carolina Panthers,1.91,3.5,
f8fe40924827231233dc10f6999d8ff7,9/28/2025,FALSE,BetUS,New England Patriots,Carolina Panthers,spreads,-3.5,Carolina Panthers,1.95,3.5,
bcb1f89cf378a586097c50585e53acce,9/28/2025,FALSE,DraftKings,Detroit Lions,Cleveland Browns,spreads,-10.5,Cleveland Browns,1.91,10.5,
85c9b76cd6bd575b611cb4e8feb7a0b0,9/28/2025,FALSE,DraftKings,Houston Texans,Tennessee Titans,spreads,-6,Tennessee Titans,1.91,6,
85c9b76cd6bd575b611cb4e8feb7a0b0,9/28/2025,FALSE,BetMGM,Houston Texans,Tennessee Titans,spreads,-6.5,Tennessee Titans,1.91,6.5,
85c9b76cd6bd575b611cb4e8feb7a0b0,9/28/2025,FALSE,BetUS,Houston Texans,Tennessee Titans,spreads,-6,Tennessee Titans,1.87,6,
d921b1e86b0a30ad91000ffc360d302d,9/28/2025,FALSE,DraftKings,New York Giants,Los Angeles Chargers,spreads,3.5,Los Angeles Chargers,1.91,-3.5,
d921b1e86b0a30ad91000ffc360d302d,9/28/2025,FALSE,BetUS,New York Giants,Los Angeles Chargers,spreads,3.5,Los Angeles Chargers,1.91,-3.5,
894976986c24d52cf1d45f0e6bb0e90c,9/28/2025,FALSE,DraftKings,Tampa Bay Buccaneers,Philadelphia Eagles,spreads,2.5,Philadelphia Eagles,1.87,-2.5,
894976986c24d52cf1d45f0e6bb0e90c,9/28/2025,FALSE,BetUS,Tampa Bay Buccaneers,Philadelphia Eagles,spreads,1,Philadelphia Eagles,1.87,-1,
d90e0de2d5fa2d57e8812f31775ad0ba,9/28/2025,FALSE,DraftKings,Los Angeles Rams,Indianapolis Colts,spreads,-6.5,Indianapolis Colts,1.91,6.5,
d90e0de2d5fa2d57e8812f31775ad0ba,9/28/2025,FALSE,BetUS,Los Angeles Rams,Indianapolis Colts,spreads,-6.5,Indianapolis Colts,1.91,6.5,
09f55b4a19a83eb951a9400a11123477,9/28/2025,FALSE,DraftKings,San Francisco 49ers,Jacksonville Jaguars,spreads,-5.5,Jacksonville Jaguars,1.91,5.5,
09f55b4a19a83eb951a9400a11123477,9/28/2025,FALSE,BetUS,San Francisco 49ers,Jacksonville Jaguars,spreads,-4.5,Jacksonville Jaguars,2,4.5,
051233db287b02fd3e7574955879ece2,9/28/2025,FALSE,DraftKings,Kansas City Chiefs,Baltimore Ravens,spreads,-1.5,Baltimore Ravens,1.91,1.5,
051233db287b02fd3e7574955879ece2,9/28/2025,FALSE,BetMGM,Kansas City Chiefs,Baltimore Ravens,spreads,-1.5,Baltimore Ravens,1.91,1.5,
051233db287b02fd3e7574955879ece2,9/28/2025,FALSE,BetUS,Kansas City Chiefs,Baltimore Ravens,spreads,-1,Baltimore Ravens,2,1,
af6fbb0a2e996613bc393115276c60e2,9/28/2025,FALSE,DraftKings,Las Vegas Raiders,Chicago Bears,spreads,1.5,Chicago Bears,1.91,-1.5,
de432abcc3bd8d42a582ae9f71388dcd,9/29/2025,FALSE,DraftKings,Dallas Cowboys,Green Bay Packers,spreads,1.5,Green Bay Packers,1.91,-1.5,
de432abcc3bd8d42a582ae9f71388dcd,9/29/2025,FALSE,BetUS,Dallas Cowboys,Green Bay Packers,spreads,1,Green Bay Packers,1.83,-1,
bc76fb8d846588ed46297aaab4e83de9,9/29/2025,FALSE,DraftKings,Miami Dolphins,New York Jets,spreads,-5.5,New York Jets,1.91,5.5,
bc76fb8d846588ed46297aaab4e83de9,9/29/2025,FALSE,BetMGM,Miami Dolphins,New York Jets,spreads,-5.5,New York Jets,1.91,5.5,
8dcb2a6bf542ccb7e6bc58f83c8fc2ac,9/30/2025,FALSE,DraftKings,Denver Broncos,Cincinnati Bengals,spreads,-2.5,Cincinnati Bengals,1.91,2.5,
8dcb2a6bf542ccb7e6bc58f83c8fc2ac,9/30/2025,FALSE,BetUS,Denver Broncos,Cincinnati Bengals,spreads,-3,Cincinnati Bengals,1.83,3,
c4b72eabb3d557e73022ec730d8e3944,10/3/2025,FALSE,DraftKings,Los Angeles Rams,San Francisco 49ers,spreads,-1.5,San Francisco 49ers,1.91,1.5,
c4b72eabb3d557e73022ec730d8e3944,10/3/2025,FALSE,BetUS,Los Angeles Rams,San Francisco 49ers,spreads,-1,San Francisco 49ers,1.95,1,
6e206c7bc9379b07d27298a393305384,10/5/2025,FALSE,DraftKings,Cleveland Browns,Minnesota Vikings,spreads,7,Minnesota Vikings,1.87,-7,
6e206c7bc9379b07d27298a393305384,10/5/2025,FALSE,MyBookie.ag,Cleveland Browns,Minnesota Vikings,spreads,7,Minnesota Vikings,1.91,-7,
6e206c7bc9379b07d27298a393305384,10/5/2025,FALSE,BetMGM,Cleveland Browns,Minnesota Vikings,spreads,6.5,Minnesota Vikings,1.83,-6.5,
6e206c7bc9379b07d27298a393305384,10/5/2025,FALSE,BetUS,Cleveland Browns,Minnesota Vikings,spreads,7,Minnesota Vikings,1.87,-7,
6eb8eeff6a052455649ddd2a50e0a188,10/5/2025,FALSE,DraftKings,Baltimore Ravens,Houston Texans,spreads,-7.5,Houston Texans,1.91,7.5,
6eb8eeff6a052455649ddd2a50e0a188,10/5/2025,FALSE,BetUS,Baltimore Ravens,Houston Texans,spreads,-7.5,Houston Texans,1.87,7.5,
ff8222149317a63ffe50fcda777d14c0,10/5/2025,FALSE,DraftKings,Carolina Panthers,Miami Dolphins,spreads,1.5,Miami Dolphins,1.91,-1.5,
ff8222149317a63ffe50fcda777d14c0,10/5/2025,FALSE,BetUS,Carolina Panthers,Miami Dolphins,spreads,1.5,Miami Dolphins,1.91,-1.5,
df7e32f3c6cfaaa66de560906faabe32,10/5/2025,FALSE,DraftKings,New York Jets,Dallas Cowboys,spreads,1.5,Dallas Cowboys,1.91,-1.5,
bc4f9a719baf61261befad75f4bdb539,10/5/2025,FALSE,DraftKings,Philadelphia Eagles,Denver Broncos,spreads,-4.5,Denver Broncos,1.91,4.5,
bc4f9a719baf61261befad75f4bdb539,10/5/2025,FALSE,BetUS,Philadelphia Eagles,Denver Broncos,spreads,-4.5,Denver Broncos,1.91,4.5,
1e3d3526039030b96471845ade5992cf,10/5/2025,FALSE,DraftKings,Indianapolis Colts,Las Vegas Raiders,spreads,-1.5,Las Vegas Raiders,1.91,1.5,
1e3d3526039030b96471845ade5992cf,10/5/2025,FALSE,BetUS,Indianapolis Colts,Las Vegas Raiders,spreads,-1,Las Vegas Raiders,1.95,1,
1fe136913ef0e77717c0f0668163637f,10/5/2025,FALSE,DraftKings,New Orleans Saints,New York Giants,spreads,1.5,New York Giants,1.91,-1.5,
1fe136913ef0e77717c0f0668163637f,10/5/2025,FALSE,BetUS,New Orleans Saints,New York Giants,spreads,1,New York Giants,1.87,-1,
8fa3fd86eaa7b432469d43b84904e1dc,10/5/2025,FALSE,DraftKings,Arizona Cardinals,Tennessee Titans,spreads,-5.5,Tennessee Titans,1.91,5.5,
8fa3fd86eaa7b432469d43b84904e1dc,10/5/2025,FALSE,BetUS,Arizona Cardinals,Tennessee Titans,spreads,-6,Tennessee Titans,1.83,6,
6f5a22a3ca33478094cef1e9212ba0fc,10/5/2025,FALSE,DraftKings,Seattle Seahawks,Tampa Bay Buccaneers,spreads,1.5,Tampa Bay Buccaneers,1.91,-1.5,
6f5a22a3ca33478094cef1e9212ba0fc,10/5/2025,FALSE,BetUS,Seattle Seahawks,Tampa Bay Buccaneers,spreads,1,Tampa Bay Buccaneers,1.87,-1,
e9de9c4390a28a90f437760050b23531,10/5/2025,FALSE,DraftKings,Cincinnati Bengals,Detroit Lions,spreads,1.5,Detroit Lions,1.91,-1.5,
79c4e9f40e2647dc2a7b377cf61c48cd,10/5/2025,FALSE,DraftKings,Los Angeles Chargers,Washington Commanders,spreads,-1.5,Washington Commanders,1.91,1.5,
79c4e9f40e2647dc2a7b377cf61c48cd,10/5/2025,FALSE,BetUS,Los Angeles Chargers,Washington Commanders,spreads,-1,Washington Commanders,1.95,1,
ba826e757d625a676452b8d3d6971bb0,10/6/2025,FALSE,DraftKings,Buffalo Bills,New England Patriots,spreads,-8.5,New England Patriots,1.91,8.5,
ba826e757d625a676452b8d3d6971bb0,10/6/2025,FALSE,BetMGM,Buffalo Bills,New England Patriots,spreads,-8.5,New England Patriots,1.91,8.5,
1910db6879dddf37e4f86f0bcf1c9547,10/7/2025,FALSE,DraftKings,Jacksonville Jaguars,Kansas City Chiefs,spreads,4.5,Kansas City Chiefs,1.91,-4.5,
1910db6879dddf37e4f86f0bcf1c9547,10/7/2025,FALSE,BetUS,Jacksonville Jaguars,Kansas City Chiefs,spreads,4.5,Kansas City Chiefs,1.87,-4.5,
e10fe83ee6178a598e7fa84ea0913366,10/10/2025,FALSE,DraftKings,New York Giants,Philadelphia Eagles,spreads,7,Philadelphia Eagles,1.91,-7,
e10fe83ee6178a598e7fa84ea0913366,10/10/2025,FALSE,BetMGM,New York Giants,Philadelphia Eagles,spreads,6.5,Philadelphia Eagles,1.87,-6.5,
e10fe83ee6178a598e7fa84ea0913366,10/10/2025,FALSE,BetUS,New York Giants,Philadelphia Eagles,spreads,7,Philadelphia Eagles,1.91,-7,
e34812ee7fbf13bd75e4298bccfbdd10,10/12/2025,FALSE,DraftKings,New York Jets,Denver Broncos,spreads,6.5,Denver Broncos,1.91,-6.5,
e34812ee7fbf13bd75e4298bccfbdd10,10/12/2025,FALSE,FanDuel,New York Jets,Denver Broncos,spreads,6.5,Denver Broncos,1.83,-6.5,
e34812ee7fbf13bd75e4298bccfbdd10,10/12/2025,FALSE,MyBookie.ag,New York Jets,Denver Broncos,spreads,6.5,Denver Broncos,1.91,-6.5,
e34812ee7fbf13bd75e4298bccfbdd10,10/12/2025,FALSE,BetMGM,New York Jets,Denver Broncos,spreads,6.5,Denver Broncos,1.91,-6.5,
dfa87b0532de1389297103c2e3195347,10/12/2025,FALSE,DraftKings,Indianapolis Colts,Arizona Cardinals,spreads,1.5,Arizona Cardinals,1.91,-1.5,
dfa87b0532de1389297103c2e3195347,10/12/2025,FALSE,BetUS,Indianapolis Colts,Arizona Cardinals,spreads,1,Arizona Cardinals,1.87,-1,
b235bc78609644cb28492cc1d6ad69fd,10/12/2025,FALSE,DraftKings,Baltimore Ravens,Los Angeles Rams,spreads,-5.5,Los Angeles Rams,1.93,5.5,
b235bc78609644cb28492cc1d6ad69fd,10/12/2025,FALSE,BetUS,Baltimore Ravens,Los Angeles Rams,spreads,-6,Los Angeles Rams,1.83,6,
dd3a14fa1529e79bd338a7bfd71d5b3a,10/12/2025,FALSE,DraftKings,Carolina Panthers,Dallas Cowboys,spreads,1.5,Dallas Cowboys,1.91,-1.5,
dd3a14fa1529e79bd338a7bfd71d5b3a,10/12/2025,FALSE,BetUS,Carolina Panthers,Dallas Cowboys,spreads,1,Dallas Cowboys,1.87,-1,
a11bbccb332241029ebaeb519b93b776,10/12/2025,FALSE,DraftKings,Pittsburgh Steelers,Cleveland Browns,spreads,-6.5,Cleveland Browns,1.91,6.5,
a11bbccb332241029ebaeb519b93b776,10/12/2025,FALSE,BetMGM,Pittsburgh Steelers,Cleveland Browns,spreads,-6.5,Cleveland Browns,1.91,6.5,
a11bbccb332241029ebaeb519b93b776,10/12/2025,FALSE,BetUS,Pittsburgh Steelers,Cleveland Browns,spreads,-6.5,Cleveland Browns,1.87,6.5,
e5dd1fed586cfc0ec2d7c06f2a02c37a,10/12/2025,FALSE,DraftKings,Jacksonville Jaguars,Seattle Seahawks,spreads,-1.5,Seattle Seahawks,1.91,1.5,
e5dd1fed586cfc0ec2d7c06f2a02c37a,10/12/2025,FALSE,BetUS,Jacksonville Jaguars,Seattle Seahawks,spreads,-1,Seattle Seahawks,1.95,1,
a7211a87bbd5fb2ee473eb9c93ee2e68,10/12/2025,FALSE,DraftKings,Miami Dolphins,Los Angeles Chargers,spreads,2.5,Los Angeles Chargers,1.89,-2.5,
a7211a87bbd5fb2ee473eb9c93ee2e68,10/12/2025,FALSE,BetUS,Miami Dolphins,Los Angeles Chargers,spreads,1,Los Angeles Chargers,1.87,-1,
9e705d669039f2ca8364f408b7792a8a,10/12/2025,FALSE,DraftKings,Tampa Bay Buccaneers,San Francisco 49ers,spreads,-1.5,San Francisco 49ers,1.91,1.5,
9e705d669039f2ca8364f408b7792a8a,10/12/2025,FALSE,BetUS,Tampa Bay Buccaneers,San Francisco 49ers,spreads,-1,San Francisco 49ers,1.95,1,
4963bff460a5f26cab46a8e5ea6db148,10/12/2025,FALSE,DraftKings,Las Vegas Raiders,Tennessee Titans,spreads,-3,Tennessee Titans,1.95,3,
4963bff460a5f26cab46a8e5ea6db148,10/12/2025,FALSE,BetUS,Las Vegas Raiders,Tennessee Titans,spreads,-3,Tennessee Titans,1.91,3,
0c85b0939650e29689bb2651b33522eb,10/12/2025,FALSE,DraftKings,Green Bay Packers,Cincinnati Bengals,spreads,-3,Cincinnati Bengals,1.91,3,
0c85b0939650e29689bb2651b33522eb,10/12/2025,FALSE,BetUS,Green Bay Packers,Cincinnati Bengals,spreads,-3,Cincinnati Bengals,1.87,3,
f2c642e1f95555424b9a9a4f03733b42,10/12/2025,FALSE,DraftKings,New Orleans Saints,New England Patriots,spreads,3,New England Patriots,1.91,-3,
f2c642e1f95555424b9a9a4f03733b42,10/12/2025,FALSE,BetUS,New Orleans Saints,New England Patriots,spreads,3,New England Patriots,1.91,-3,
82e432d5d8bc0b5a6cbe0c324de90de3,10/13/2025,FALSE,DraftKings,Kansas City Chiefs,Detroit Lions,spreads,-3,Detroit Lions,1.91,3,
82e432d5d8bc0b5a6cbe0c324de90de3,10/13/2025,FALSE,BetMGM,Kansas City Chiefs,Detroit Lions,spreads,-2.5,Detroit Lions,1.91,2.5,
33e0adf378d2856ffe5f8452e7d5512d,10/13/2025,FALSE,DraftKings,Atlanta Falcons,Buffalo Bills,spreads,5.5,Buffalo Bills,1.91,-5.5,
38366aa83a3eb6cef71a1134c4fceb2c,10/14/2025,FALSE,DraftKings,Washington Commanders,Chicago Bears,spreads,-4.5,Chicago Bears,1.87,4.5,
6076f9eab496770efc0ab7095b27c122,10/17/2025,FALSE,DraftKings,Cincinnati Bengals,Pittsburgh Steelers,spreads,-4.5,Pittsburgh Steelers,1.91,4.5,
6076f9eab496770efc0ab7095b27c122,10/17/2025,FALSE,BetUS,Cincinnati Bengals,Pittsburgh Steelers,spreads,-4.5,Pittsburgh Steelers,1.91,4.5,
79de65f1b97c9145ebdcb019eb486500,10/19/2025,FALSE,DraftKings,Jacksonville Jaguars,Los Angeles Rams,spreads,3.5,Los Angeles Rams,1.91,-3.5,
79de65f1b97c9145ebdcb019eb486500,10/19/2025,FALSE,FanDuel,Jacksonville Jaguars,Los Angeles Rams,spreads,3.5,Los Angeles Rams,1.87,-3.5,
79de65f1b97c9145ebdcb019eb486500,10/19/2025,FALSE,MyBookie.ag,Jacksonville Jaguars,Los Angeles Rams,spreads,3.5,Los Angeles Rams,1.91,-3.5,
79de65f1b97c9145ebdcb019eb486500,10/19/2025,FALSE,BetUS,Jacksonville Jaguars,Los Angeles Rams,spreads,3.5,Los Angeles Rams,1.91,-3.5,
ba4e8bfa1f4eeaa74c7b09f409361c0d,10/19/2025,FALSE,DraftKings,New York Jets,Carolina Panthers,spreads,-1.5,Carolina Panthers,1.91,1.5,
8f06a4b503cc7309cb0df4a8b67f9930,10/19/2025,FALSE,DraftKings,Chicago Bears,New Orleans Saints,spreads,-7.5,New Orleans Saints,1.91,7.5,
f0336c9a3749716250afba387d157377,10/19/2025,FALSE,DraftKings,Cleveland Browns,Miami Dolphins,spreads,1.5,Miami Dolphins,1.91,-1.5,
f0336c9a3749716250afba387d157377,10/19/2025,FALSE,BetUS,Cleveland Browns,Miami Dolphins,spreads,1,Miami Dolphins,1.87,-1,
3127c0dd6ed51a44354af51791bc3e5a,10/19/2025,FALSE,DraftKings,Kansas City Chiefs,Las Vegas Raiders,spreads,-9.5,Las Vegas Raiders,1.91,9.5,
3127c0dd6ed51a44354af51791bc3e5a,10/19/2025,FALSE,BetMGM,Kansas City Chiefs,Las Vegas Raiders,spreads,-9.5,Las Vegas Raiders,1.91,9.5,
3127c0dd6ed51a44354af51791bc3e5a,10/19/2025,FALSE,BetUS,Kansas City Chiefs,Las Vegas Raiders,spreads,-9.5,Las Vegas Raiders,1.91,9.5,
6a8d2daf7f75100d02656bc0217737e8,10/19/2025,FALSE,DraftKings,Minnesota Vikings,Philadelphia Eagles,spreads,3,Philadelphia Eagles,1.87,-3,
6a8d2daf7f75100d02656bc0217737e8,10/19/2025,FALSE,BetUS,Minnesota Vikings,Philadelphia Eagles,spreads,3,Philadelphia Eagles,1.87,-3,
f7fa9341eeffb08f7e6e769398cd32e2,10/19/2025,FALSE,DraftKings,Tennessee Titans,New England Patriots,spreads,1.5,New England Patriots,1.91,-1.5,
f7fa9341eeffb08f7e6e769398cd32e2,10/19/2025,FALSE,BetUS,Tennessee Titans,New England Patriots,spreads,1,New England Patriots,1.87,-1,
3be866344dfa050e602a6e69170b3cbe,10/19/2025,FALSE,DraftKings,Denver Broncos,New York Giants,spreads,-7.5,New York Giants,1.89,7.5,
3be866344dfa050e602a6e69170b3cbe,10/19/2025,FALSE,BetUS,Denver Broncos,New York Giants,spreads,-7.5,New York Giants,1.91,7.5,
a0ad5501e9d1d2ee9f61d9f293374f17,10/19/2025,FALSE,DraftKings,Los Angeles Chargers,Indianapolis Colts,spreads,-6,Indianapolis Colts,1.91,6,
a0ad5501e9d1d2ee9f61d9f293374f17,10/19/2025,FALSE,BetUS,Los Angeles Chargers,Indianapolis Colts,spreads,-6,Indianapolis Colts,1.91,6,
1036171316ac51350b388c99e000cfc1,10/19/2025,FALSE,DraftKings,Arizona Cardinals,Green Bay Packers,spreads,1.5,Green Bay Packers,1.91,-1.5,
1036171316ac51350b388c99e000cfc1,10/19/2025,FALSE,BetUS,Arizona Cardinals,Green Bay Packers,spreads,1,Green Bay Packers,1.87,-1,
ff0c1ce30d562926ce40fc9bbaa2b7b1,10/19/2025,FALSE,DraftKings,Dallas Cowboys,Washington Commanders,spreads,2.5,Washington Commanders,1.91,-2.5,
ff0c1ce30d562926ce40fc9bbaa2b7b1,10/19/2025,FALSE,BetMGM,Dallas Cowboys,Washington Commanders,spreads,2.5,Washington Commanders,1.91,-2.5,
ff0c1ce30d562926ce40fc9bbaa2b7b1,10/19/2025,FALSE,BetUS,Dallas Cowboys,Washington Commanders,spreads,3,Washington Commanders,2.05,-3,
7b2ded52498efcf97a08ef10ee99b0f3,10/20/2025,FALSE,DraftKings,San Francisco 49ers,Atlanta Falcons,spreads,-6.5,Atlanta Falcons,1.91,6.5,
7b2ded52498efcf97a08ef10ee99b0f3,10/20/2025,FALSE,BetUS,San Francisco 49ers,Atlanta Falcons,spreads,-6.5,Atlanta Falcons,1.91,6.5,
b808059d3ccc754ace4a3d23b58e47e8,10/20/2025,FALSE,DraftKings,Detroit Lions,Tampa Bay Buccaneers,spreads,-3.5,Tampa Bay Buccaneers,1.91,3.5,
7ca953ab786f70b22cabbe4946d330fa,10/21/2025,FALSE,DraftKings,Seattle Seahawks,Houston Texans,spreads,-1.5,Houston Texans,1.91,1.5,
7ca953ab786f70b22cabbe4946d330fa,10/21/2025,FALSE,BetUS,Seattle Seahawks,Houston Texans,spreads,-1,Houston Texans,1.95,1,
6439b16f4a038f1c351dc3f1aef27471,10/24/2025,FALSE,DraftKings,Los Angeles Chargers,Minnesota Vikings,spreads,-3,Minnesota Vikings,1.91,3,
6439b16f4a038f1c351dc3f1aef27471,10/24/2025,FALSE,BetUS,Los Angeles Chargers,Minnesota Vikings,spreads,-3,Minnesota Vikings,1.91,3,
ac02b1b59aa0623845378a02bc530c68,10/26/2025,FALSE,DraftKings,Atlanta Falcons,Miami Dolphins,spreads,-1.5,Miami Dolphins,1.91,1.5,
a061e80d1f50eab193b34d19f8e59f62,10/26/2025,FALSE,DraftKings,Baltimore Ravens,Chicago Bears,spreads,-7,Chicago Bears,1.91,7,
53d4369464c66630f03a5d128cd39b08,10/26/2025,FALSE,DraftKings,Carolina Panthers,Buffalo Bills,spreads,7,Buffalo Bills,1.91,-7,
9c1f73e48ca9750f6e7d5d64874057c2,10/26/2025,FALSE,DraftKings,Cincinnati Bengals,New York Jets,spreads,-7.5,New York Jets,1.91,7.5,
3536a3e857050d2dd6e2019ceb668f67,10/26/2025,FALSE,DraftKings,New England Patriots,Cleveland Browns,spreads,-5.5,Cleveland Browns,1.91,5.5,
3536a3e857050d2dd6e2019ceb668f67,10/26/2025,FALSE,BetUS,New England Patriots,Cleveland Browns,spreads,-5.5,Cleveland Browns,1.91,5.5,
abc4104a9ac597ce37d703613256fd6c,10/26/2025,FALSE,DraftKings,Houston Texans,San Francisco 49ers,spreads,1.5,San Francisco 49ers,1.91,-1.5,
abc4104a9ac597ce37d703613256fd6c,10/26/2025,FALSE,BetUS,Houston Texans,San Francisco 49ers,spreads,1,San Francisco 49ers,1.87,-1,
a8ebe01e05675c109b53a97f653f8653,10/26/2025,FALSE,DraftKings,Philadelphia Eagles,New York Giants,spreads,-10.5,New York Giants,1.91,10.5,
a8ebe01e05675c109b53a97f653f8653,10/26/2025,FALSE,BetMGM,Philadelphia Eagles,New York Giants,spreads,-10.5,New York Giants,1.91,10.5,
a8ebe01e05675c109b53a97f653f8653,10/26/2025,FALSE,BetUS,Philadelphia Eagles,New York Giants,spreads,-10.5,New York Giants,1.91,10.5,
a8dd9bb0681692540d067bd0e9e66989,10/26/2025,FALSE,DraftKings,New Orleans Saints,Tampa Bay Buccaneers,spreads,5.5,Tampa Bay Buccaneers,1.91,-5.5,
a8dd9bb0681692540d067bd0e9e66989,10/26/2025,FALSE,BetMGM,New Orleans Saints,Tampa Bay Buccaneers,spreads,5.5,Tampa Bay Buccaneers,1.91,-5.5,
a8dd9bb0681692540d067bd0e9e66989,10/26/2025,FALSE,BetUS,New Orleans Saints,Tampa Bay Buccaneers,spreads,5.5,Tampa Bay Buccaneers,1.91,-5.5,
40c2ebd9ddd5ce8ff5b1ada730bb1785,10/26/2025,FALSE,DraftKings,Denver Broncos,Dallas Cowboys,spreads,-4.5,Dallas Cowboys,1.91,4.5,
40c2ebd9ddd5ce8ff5b1ada730bb1785,10/26/2025,FALSE,BetUS,Denver Broncos,Dallas Cowboys,spreads,-4.5,Dallas Cowboys,1.91,4.5,
88187a33b007c088d75c6cd14c83086c,10/26/2025,FALSE,DraftKings,Indianapolis Colts,Tennessee Titans,spreads,-3.5,Tennessee Titans,1.91,3.5,
88187a33b007c088d75c6cd14c83086c,10/26/2025,FALSE,BetMGM,Indianapolis Colts,Tennessee Titans,spreads,-3.5,Tennessee Titans,1.91,3.5,
88187a33b007c088d75c6cd14c83086c,10/26/2025,FALSE,BetUS,Indianapolis Colts,Tennessee Titans,spreads,-3.5,Tennessee Titans,1.91,3.5,
fb900eef07307ebf5c1930341ecd852a,10/27/2025,FALSE,DraftKings,Pittsburgh Steelers,Green Bay Packers,spreads,1.5,Green Bay Packers,1.91,-1.5,
fb900eef07307ebf5c1930341ecd852a,10/27/2025,FALSE,BetUS,Pittsburgh Steelers,Green Bay Packers,spreads,1,Green Bay Packers,1.87,-1,
7e3361e84d5223a8d210a887b249f247,10/28/2025,FALSE,DraftKings,Kansas City Chiefs,Washington Commanders,spreads,-3.5,Washington Commanders,1.95,3.5,
7e3361e84d5223a8d210a887b249f247,10/28/2025,FALSE,BetUS,Kansas City Chiefs,Washington Commanders,spreads,-3.5,Washington Commanders,1.95,3.5,
677dbbb6ad96fc5f5b36bb20b43139dd,10/31/2025,FALSE,DraftKings,Miami Dolphins,Baltimore Ravens,spreads,5.5,Baltimore Ravens,1.91,-5.5,
677dbbb6ad96fc5f5b36bb20b43139dd,10/31/2025,FALSE,BetUS,Miami Dolphins,Baltimore Ravens,spreads,5.5,Baltimore Ravens,1.91,-5.5,
6dd3b8a705ed0db85d59fa19b9062cc8,11/2/2025,FALSE,DraftKings,New England Patriots,Atlanta Falcons,spreads,-3,Atlanta Falcons,1.91,3,
6dd3b8a705ed0db85d59fa19b9062cc8,11/2/2025,FALSE,BetUS,New England Patriots,Atlanta Falcons,spreads,-3,Atlanta Falcons,1.91,3,
6031b513e188fc19a2311499566c9258,11/2/2025,FALSE,DraftKings,Green Bay Packers,Carolina Panthers,spreads,-7.5,Carolina Panthers,1.91,7.5,
6031b513e188fc19a2311499566c9258,11/2/2025,FALSE,BetUS,Green Bay Packers,Carolina Panthers,spreads,-7.5,Carolina Panthers,1.91,7.5,
016f76d8237e8d4eb62b9c2ef68381bb,11/2/2025,FALSE,DraftKings,Cincinnati Bengals,Chicago Bears,spreads,-3,Chicago Bears,1.95,3,
72e2ce6652bbb3901f60b38bec05bf5f,11/2/2025,FALSE,DraftKings,Houston Texans,Denver Broncos,spreads,1.5,Denver Broncos,1.93,-1.5,
72e2ce6652bbb3901f60b38bec05bf5f,11/2/2025,FALSE,BetUS,Houston Texans,Denver Broncos,spreads,1,Denver Broncos,1.87,-1,
cf95657d78ab3e515203df1d19c3b0c2,11/2/2025,FALSE,DraftKings,Detroit Lions,Minnesota Vikings,spreads,-4.5,Minnesota Vikings,1.91,4.5,
cf95657d78ab3e515203df1d19c3b0c2,11/2/2025,FALSE,BetMGM,Detroit Lions,Minnesota Vikings,spreads,-4.5,Minnesota Vikings,1.91,4.5,
2340a6e0794d5688996dcf8aaf634742,11/2/2025,FALSE,DraftKings,Pittsburgh Steelers,Indianapolis Colts,spreads,-3.5,Indianapolis Colts,1.91,3.5,
2340a6e0794d5688996dcf8aaf634742,11/2/2025,FALSE,BetUS,Pittsburgh Steelers,Indianapolis Colts,spreads,-3.5,Indianapolis Colts,1.91,3.5,
b60025aea576e2e89ef7bc7303f847ec,11/2/2025,FALSE,DraftKings,Tennessee Titans,Los Angeles Chargers,spreads,4.5,Los Angeles Chargers,1.91,-4.5,
b60025aea576e2e89ef7bc7303f847ec,11/2/2025,FALSE,BetUS,Tennessee Titans,Los Angeles Chargers,spreads,4.5,Los Angeles Chargers,1.91,-4.5,
a788e7cebff4b5fe10034710090e4529,11/2/2025,FALSE,DraftKings,New York Giants,San Francisco 49ers,spreads,3.5,San Francisco 49ers,1.91,-3.5,
a788e7cebff4b5fe10034710090e4529,11/2/2025,FALSE,BetUS,New York Giants,San Francisco 49ers,spreads,3.5,San Francisco 49ers,1.91,-3.5,
d0bf341e7959d69b55f1a8ff09065234,11/2/2025,FALSE,DraftKings,Las Vegas Raiders,Jacksonville Jaguars,spreads,-1.5,Jacksonville Jaguars,1.91,1.5,
d0bf341e7959d69b55f1a8ff09065234,11/2/2025,FALSE,BetUS,Las Vegas Raiders,Jacksonville Jaguars,spreads,-1,Jacksonville Jaguars,1.95,1,
b08df670a95f1809707b335dc75081c6,11/2/2025,FALSE,DraftKings,Los Angeles Rams,New Orleans Saints,spreads,-9.5,New Orleans Saints,1.91,9.5,
b08df670a95f1809707b335dc75081c6,11/2/2025,FALSE,BetUS,Los Angeles Rams,New Orleans Saints,spreads,-9.5,New Orleans Saints,1.91,9.5,
61531628516decd1ee8116da5f6f9056,11/2/2025,FALSE,DraftKings,Buffalo Bills,Kansas City Chiefs,spreads,-2.5,Kansas City Chiefs,1.93,2.5,
61531628516decd1ee8116da5f6f9056,11/2/2025,FALSE,BetMGM,Buffalo Bills,Kansas City Chiefs,spreads,-2.5,Kansas City Chiefs,1.91,2.5,
c2fd8a23091a954fb21ff6d3537db826,11/3/2025,FALSE,DraftKings,Washington Commanders,Seattle Seahawks,spreads,-5.5,Seattle Seahawks,1.91,5.5,
c2fd8a23091a954fb21ff6d3537db826,11/3/2025,FALSE,BetUS,Washington Commanders,Seattle Seahawks,spreads,-5.5,Seattle Seahawks,1.87,5.5,
f3dfb574e0a542375a480534525ee6cf,11/4/2025,FALSE,DraftKings,Dallas Cowboys,Arizona Cardinals,spreads,-1.5,Arizona Cardinals,1.91,1.5,
f3dfb574e0a542375a480534525ee6cf,11/4/2025,FALSE,BetUS,Dallas Cowboys,Arizona Cardinals,spreads,-1,Arizona Cardinals,1.95,1,
13bdffda97e8fb13179fe3f2f69d66f8,11/7/2025,FALSE,DraftKings,Denver Broncos,Las Vegas Raiders,spreads,-6.5,Las Vegas Raiders,1.93,6.5,
13bdffda97e8fb13179fe3f2f69d66f8,11/7/2025,FALSE,BetMGM,Denver Broncos,Las Vegas Raiders,spreads,-6.5,Las Vegas Raiders,1.91,6.5,
42473c1ddf8f424069ff3f264dd8dca4,11/9/2025,FALSE,DraftKings,Indianapolis Colts,Atlanta Falcons,spreads,1.5,Atlanta Falcons,1.93,-1.5,
42473c1ddf8f424069ff3f264dd8dca4,11/9/2025,FALSE,FanDuel,Indianapolis Colts,Atlanta Falcons,spreads,1.5,Atlanta Falcons,1.95,-1.5,
42473c1ddf8f424069ff3f264dd8dca4,11/9/2025,FALSE,MyBookie.ag,Indianapolis Colts,Atlanta Falcons,spreads,1.5,Atlanta Falcons,1.91,-1.5,
9900b89c4776c5b47dd26ca4c755edf9,11/9/2025,FALSE,DraftKings,Minnesota Vikings,Baltimore Ravens,spreads,3.5,Baltimore Ravens,1.91,-3.5,
9900b89c4776c5b47dd26ca4c755edf9,11/9/2025,FALSE,BetUS,Minnesota Vikings,Baltimore Ravens,spreads,3.5,Baltimore Ravens,1.95,-3.5,
3c10bc18680995136017c3bfd3152334,11/9/2025,FALSE,DraftKings,Miami Dolphins,Buffalo Bills,spreads,5.5,Buffalo Bills,1.91,-5.5,
3c10bc18680995136017c3bfd3152334,11/9/2025,FALSE,BetMGM,Miami Dolphins,Buffalo Bills,spreads,5.5,Buffalo Bills,1.91,-5.5,
21f47a328fb2ab65c01360a7a2bd9571,11/9/2025,FALSE,DraftKings,Carolina Panthers,New Orleans Saints,spreads,-4.5,New Orleans Saints,1.87,4.5,
21f47a328fb2ab65c01360a7a2bd9571,11/9/2025,FALSE,BetMGM,Carolina Panthers,New Orleans Saints,spreads,-4.5,New Orleans Saints,1.91,4.5,
21f47a328fb2ab65c01360a7a2bd9571,11/9/2025,FALSE,BetUS,Carolina Panthers,New Orleans Saints,spreads,-4.5,New Orleans Saints,1.87,4.5,
3b1a97366685a96e6e1940ae56cc4d31,11/9/2025,FALSE,DraftKings,Chicago Bears,New York Giants,spreads,-5.5,New York Giants,1.91,5.5,
844b89333f293f055f8e0c147fb9fec5,11/9/2025,FALSE,DraftKings,New York Jets,Cleveland Browns,spreads,-2.5,Cleveland Browns,1.91,2.5,
9dbf94f23521c7cae7fd89b2d33fc3bd,11/9/2025,FALSE,DraftKings,Houston Texans,Jacksonville Jaguars,spreads,-3.5,Jacksonville Jaguars,1.91,3.5,
9dbf94f23521c7cae7fd89b2d33fc3bd,11/9/2025,FALSE,BetMGM,Houston Texans,Jacksonville Jaguars,spreads,-3.5,Jacksonville Jaguars,1.91,3.5,
39e7c1f6e36d5bc4d2613ebf7bb83c10,11/9/2025,FALSE,DraftKings,Tampa Bay Buccaneers,New England Patriots,spreads,-4.5,New England Patriots,1.91,4.5,
39e7c1f6e36d5bc4d2613ebf7bb83c10,11/9/2025,FALSE,BetUS,Tampa Bay Buccaneers,New England Patriots,spreads,-4.5,New England Patriots,1.91,4.5,
740b843794cc89176c4ffe38b66d30d9,11/9/2025,FALSE,DraftKings,Seattle Seahawks,Arizona Cardinals,spreads,-1.5,Arizona Cardinals,1.91,1.5,
740b843794cc89176c4ffe38b66d30d9,11/9/2025,FALSE,BetMGM,Seattle Seahawks,Arizona Cardinals,spreads,-1.5,Arizona Cardinals,1.91,1.5,
740b843794cc89176c4ffe38b66d30d9,11/9/2025,FALSE,BetUS,Seattle Seahawks,Arizona Cardinals,spreads,-1,Arizona Cardinals,1.95,1,
93365f943b3aa23705bc9e1c7b47d7f8,11/9/2025,FALSE,DraftKings,Washington Commanders,Detroit Lions,spreads,-1.5,Detroit Lions,1.91,1.5,
2710103fe4fb0170ae03b4e34bde8132,11/9/2025,FALSE,DraftKings,San Francisco 49ers,Los Angeles Rams,spreads,-1.5,Los Angeles Rams,1.91,1.5,
2710103fe4fb0170ae03b4e34bde8132,11/9/2025,FALSE,BetUS,San Francisco 49ers,Los Angeles Rams,spreads,-1,Los Angeles Rams,1.95,1,
349d53a4f89591312ea528e81b786474,11/10/2025,FALSE,DraftKings,Los Angeles Chargers,Pittsburgh Steelers,spreads,-4.5,Pittsburgh Steelers,1.91,4.5,
349d53a4f89591312ea528e81b786474,11/10/2025,FALSE,BetUS,Los Angeles Chargers,Pittsburgh Steelers,spreads,-4.5,Pittsburgh Steelers,1.91,4.5,
438868ff90501a1fe9a0fbecbee9dc12,11/11/2025,FALSE,DraftKings,Green Bay Packers,Philadelphia Eagles,spreads,1.5,Philadelphia Eagles,1.91,-1.5,
438868ff90501a1fe9a0fbecbee9dc12,11/11/2025,FALSE,MyBookie.ag,Green Bay Packers,Philadelphia Eagles,spreads,1.5,Philadelphia Eagles,1.91,-1.5,
438868ff90501a1fe9a0fbecbee9dc12,11/11/2025,FALSE,BetUS,Green Bay Packers,Philadelphia Eagles,spreads,1,Philadelphia Eagles,1.87,-1,
32ec2bd4ac9e4c40f9f5cbed7e67f837,11/14/2025,FALSE,DraftKings,New England Patriots,New York Jets,spreads,-5.5,New York Jets,1.91,5.5,
32ec2bd4ac9e4c40f9f5cbed7e67f837,11/14/2025,FALSE,BetMGM,New England Patriots,New York Jets,spreads,-5.5,New York Jets,1.91,5.5,
265f0188945bb81ec64751571eb724cb,11/16/2025,FALSE,DraftKings,Miami Dolphins,Washington Commanders,spreads,4.5,Washington Commanders,1.91,-4.5,
265f0188945bb81ec64751571eb724cb,11/16/2025,FALSE,MyBookie.ag,Miami Dolphins,Washington Commanders,spreads,4.5,Washington Commanders,1.91,-4.5,
0ae85bbc3711ad0cb94475a40e2364f0,11/16/2025,FALSE,DraftKings,Atlanta Falcons,Carolina Panthers,spreads,-3,Carolina Panthers,1.91,3,
96377d2fb55e3cef733cecccdecaed5f,11/16/2025,FALSE,DraftKings,Buffalo Bills,Tampa Bay Buccaneers,spreads,-5.5,Tampa Bay Buccaneers,1.91,5.5,
229a5e9ce60dcb344a8cc3c97121154e,11/16/2025,FALSE,DraftKings,Minnesota Vikings,Chicago Bears,spreads,-2.5,Chicago Bears,1.93,2.5,
7147476b5d96c0ee874b838de3910ee3,11/16/2025,FALSE,DraftKings,Pittsburgh Steelers,Cincinnati Bengals,spreads,1.5,Cincinnati Bengals,1.91,-1.5,
7147476b5d96c0ee874b838de3910ee3,11/16/2025,FALSE,BetUS,Pittsburgh Steelers,Cincinnati Bengals,spreads,1,Cincinnati Bengals,1.87,-1,
5c06e82838fcfade9adf1e89b8bd3081,11/16/2025,FALSE,DraftKings,New York Giants,Green Bay Packers,spreads,4.5,Green Bay Packers,1.91,-4.5,
fd2f29289d6437a7c07d4780c5f04936,11/16/2025,FALSE,DraftKings,Tennessee Titans,Houston Texans,spreads,3,Houston Texans,1.91,-3,
591fd7cff37201a14cbdfbd457592445,11/16/2025,FALSE,DraftKings,Jacksonville Jaguars,Los Angeles Chargers,spreads,1.5,Los Angeles Chargers,1.91,-1.5,
591fd7cff37201a14cbdfbd457592445,11/16/2025,FALSE,BetUS,Jacksonville Jaguars,Los Angeles Chargers,spreads,1,Los Angeles Chargers,1.87,-1,
91630b9c62640117918fa30d2a62d2db,11/16/2025,FALSE,DraftKings,Arizona Cardinals,San Francisco 49ers,spreads,1.5,San Francisco 49ers,1.91,-1.5,
91630b9c62640117918fa30d2a62d2db,11/16/2025,FALSE,BetUS,Arizona Cardinals,San Francisco 49ers,spreads,1,San Francisco 49ers,1.87,-1,
e926e654cedeb65fcfcc389a5158ef4e,11/16/2025,FALSE,DraftKings,Los Angeles Rams,Seattle Seahawks,spreads,-4.5,Seattle Seahawks,1.91,4.5,
e926e654cedeb65fcfcc389a5158ef4e,11/16/2025,FALSE,BetUS,Los Angeles Rams,Seattle Seahawks,spreads,-4.5,Seattle Seahawks,1.91,4.5,
cc60225b5a907bd9ba7c27c23131fc5c,11/16/2025,FALSE,DraftKings,Cleveland Browns,Baltimore Ravens,spreads,8.5,Baltimore Ravens,1.91,-8.5,
cc60225b5a907bd9ba7c27c23131fc5c,11/16/2025,FALSE,BetUS,Cleveland Browns,Baltimore Ravens,spreads,9,Baltimore Ravens,1.95,-9,
96ce7785b0980b03282c7e10d4c58d4a,11/16/2025,FALSE,DraftKings,Denver Broncos,Kansas City Chiefs,spreads,1.5,Kansas City Chiefs,1.91,-1.5,
6d209e0e637f3b116ec958e0634f2a02,11/17/2025,FALSE,DraftKings,Philadelphia Eagles,Detroit Lions,spreads,-3.5,Detroit Lions,1.91,3.5,
80d04ba917883a6438580ebae9fb0f22,11/18/2025,FALSE,DraftKings,Las Vegas Raiders,Dallas Cowboys,spreads,1.5,Dallas Cowboys,1.91,-1.5,
cd2e0964817c30ad3f5144ea49b55f2b,11/21/2025,FALSE,DraftKings,Houston Texans,Buffalo Bills,spreads,3.5,Buffalo Bills,1.91,-3.5,
7159d60c7a31c7d593167637723d7663,11/23/2025,FALSE,DraftKings,Baltimore Ravens,New York Jets,spreads,-11.5,New York Jets,1.91,11.5,
c8913b70b63ae247f23a4e1dec08c668,11/23/2025,FALSE,DraftKings,Chicago Bears,Pittsburgh Steelers,spreads,-2.5,Pittsburgh Steelers,1.91,2.5,
1a8f3d70399a5cad83c95196795ed77b,11/23/2025,FALSE,DraftKings,Cincinnati Bengals,New England Patriots,spreads,-4.5,New England Patriots,1.91,4.5,
1a8f3d70399a5cad83c95196795ed77b,11/23/2025,FALSE,BetUS,Cincinnati Bengals,New England Patriots,spreads,-4.5,New England Patriots,1.91,4.5,
535bbe97d4e56494b039ade88459c338,11/23/2025,FALSE,DraftKings,Detroit Lions,New York Giants,spreads,-8.5,New York Giants,1.91,8.5,
91019a528f43cd28965fdc68a3f3ef85,11/23/2025,FALSE,DraftKings,Green Bay Packers,Minnesota Vikings,spreads,-3.5,Minnesota Vikings,1.91,3.5,
91019a528f43cd28965fdc68a3f3ef85,11/23/2025,FALSE,BetUS,Green Bay Packers,Minnesota Vikings,spreads,-3.5,Minnesota Vikings,1.91,3.5,
8b39d8dc550ced94f9faa91878ebf6b6,11/23/2025,FALSE,DraftKings,Kansas City Chiefs,Indianapolis Colts,spreads,-9.5,Indianapolis Colts,1.91,9.5,
8b39d8dc550ced94f9faa91878ebf6b6,11/23/2025,FALSE,BetUS,Kansas City Chiefs,Indianapolis Colts,spreads,-9.5,Indianapolis Colts,1.91,9.5,
0ff4e68cf39cc57ca7cf1276e4a44d2f,11/23/2025,FALSE,DraftKings,Tennessee Titans,Seattle Seahawks,spreads,1.5,Seattle Seahawks,1.91,-1.5,
0ff4e68cf39cc57ca7cf1276e4a44d2f,11/23/2025,FALSE,BetUS,Tennessee Titans,Seattle Seahawks,spreads,1,Seattle Seahawks,1.87,-1,
e32e0030899c06fdf2c74745ca27d85a,11/23/2025,FALSE,DraftKings,Arizona Cardinals,Jacksonville Jaguars,spreads,-3,Jacksonville Jaguars,1.91,3,
e32e0030899c06fdf2c74745ca27d85a,11/23/2025,FALSE,BetUS,Arizona Cardinals,Jacksonville Jaguars,spreads,-3,Jacksonville Jaguars,1.95,3,
27f50ddbc4c3fbad10398c5187a28dc7,11/23/2025,FALSE,DraftKings,Las Vegas Raiders,Cleveland Browns,spreads,-3.5,Cleveland Browns,1.91,3.5,
27f50ddbc4c3fbad10398c5187a28dc7,11/23/2025,FALSE,BetUS,Las Vegas Raiders,Cleveland Browns,spreads,-3.5,Cleveland Browns,1.91,3.5,
8c2d6a56aa63f42227f18a18fc3d2146,11/23/2025,FALSE,DraftKings,New Orleans Saints,Atlanta Falcons,spreads,2.5,Atlanta Falcons,1.95,-2.5,
4553ba763cb3cfcfc33fd62672a2057f,11/23/2025,FALSE,DraftKings,Dallas Cowboys,Philadelphia Eagles,spreads,4.5,Philadelphia Eagles,1.91,-4.5,
9e7119f5a24471c39145663b84f100b2,11/24/2025,FALSE,DraftKings,Los Angeles Rams,Tampa Bay Buccaneers,spreads,-2.5,Tampa Bay Buccaneers,1.95,2.5,
9e7119f5a24471c39145663b84f100b2,11/24/2025,FALSE,BetUS,Los Angeles Rams,Tampa Bay Buccaneers,spreads,-3,Tampa Bay Buccaneers,1.87,3,
90391be251d876bb41d36978a43c7ac2,11/25/2025,FALSE,DraftKings,San Francisco 49ers,Carolina Panthers,spreads,-7,Carolina Panthers,1.91,7,
90391be251d876bb41d36978a43c7ac2,11/25/2025,FALSE,BetUS,San Francisco 49ers,Carolina Panthers,spreads,-7,Carolina Panthers,1.87,7,
fe2eb07797580740af78037ab498198e,11/27/2025,FALSE,DraftKings,Detroit Lions,Green Bay Packers,spreads,-2.5,Green Bay Packers,1.98,2.5,
de53b8a594fe830c5fd56484705cd756,11/27/2025,FALSE,DraftKings,Dallas Cowboys,Kansas City Chiefs,spreads,6,Kansas City Chiefs,1.95,-6,
de53b8a594fe830c5fd56484705cd756,11/27/2025,FALSE,MyBookie.ag,Dallas Cowboys,Kansas City Chiefs,spreads,6,Kansas City Chiefs,1.91,-6,
883a79a306b312fad75ebf04b441b4da,11/28/2025,FALSE,DraftKings,Baltimore Ravens,Cincinnati Bengals,spreads,-5.5,Cincinnati Bengals,1.91,5.5,
883a79a306b312fad75ebf04b441b4da,11/28/2025,FALSE,BetUS,Baltimore Ravens,Cincinnati Bengals,spreads,-5.5,Cincinnati Bengals,1.91,5.5,
52f539d9d080618aa8830a0b03846a80,11/28/2025,FALSE,DraftKings,Philadelphia Eagles,Chicago Bears,spreads,-7,Chicago Bears,1.91,7,
52f539d9d080618aa8830a0b03846a80,11/28/2025,FALSE,MyBookie.ag,Philadelphia Eagles,Chicago Bears,spreads,-7,Chicago Bears,1.91,7,
c0d324e29ce58b36bdc77564f7aae56f,11/30/2025,FALSE,DraftKings,Tampa Bay Buccaneers,Arizona Cardinals,spreads,-3.5,Arizona Cardinals,1.91,3.5,
c0d324e29ce58b36bdc77564f7aae56f,11/30/2025,FALSE,BetUS,Tampa Bay Buccaneers,Arizona Cardinals,spreads,-3.5,Arizona Cardinals,1.91,3.5,
9da608f5bdae527b280abd61e47a110b,11/30/2025,FALSE,DraftKings,New York Jets,Atlanta Falcons,spreads,1.5,Atlanta Falcons,1.91,-1.5,
67e51d17848485bed8737bd7043a275a,11/30/2025,FALSE,DraftKings,Carolina Panthers,Los Angeles Rams,spreads,3.5,Los Angeles Rams,1.91,-3.5,
67e51d17848485bed8737bd7043a275a,11/30/2025,FALSE,BetUS,Carolina Panthers,Los Angeles Rams,spreads,3.5,Los Angeles Rams,1.91,-3.5,
36fcf5ca155a5dcd2f7a87fd2a985b02,11/30/2025,FALSE,DraftKings,Cleveland Browns,San Francisco 49ers,spreads,6,San Francisco 49ers,1.91,-6,
36fcf5ca155a5dcd2f7a87fd2a985b02,11/30/2025,FALSE,BetUS,Cleveland Browns,San Francisco 49ers,spreads,6,San Francisco 49ers,1.91,-6,
fa46c661007f5f0cbbf6abf939ac9d51,11/30/2025,FALSE,DraftKings,Indianapolis Colts,Houston Texans,spreads,1.5,Houston Texans,1.91,-1.5,
61e1e459b2ddafd43e8808d4f40c01d9,11/30/2025,FALSE,DraftKings,Tennessee Titans,Jacksonville Jaguars,spreads,1.5,Jacksonville Jaguars,1.91,-1.5,
61e1e459b2ddafd43e8808d4f40c01d9,11/30/2025,FALSE,BetUS,Tennessee Titans,Jacksonville Jaguars,spreads,1,Jacksonville Jaguars,1.87,-1,
e3c9bfba57bbe784481d881ea3b4519d,11/30/2025,FALSE,DraftKings,Miami Dolphins,New Orleans Saints,spreads,-6,New Orleans Saints,1.91,6,
6f956074c4df48e7b07a3286a6c6ed2a,11/30/2025,FALSE,DraftKings,Seattle Seahawks,Minnesota Vikings,spreads,-1.5,Minnesota Vikings,1.91,1.5,
6f956074c4df48e7b07a3286a6c6ed2a,11/30/2025,FALSE,BetUS,Seattle Seahawks,Minnesota Vikings,spreads,-1,Minnesota Vikings,1.95,1,
365a766a3862bc47a5455dc3b097421e,11/30/2025,FALSE,DraftKings,Pittsburgh Steelers,Buffalo Bills,spreads,4.5,Buffalo Bills,1.91,-4.5,
76ac5a8d2c8679ae6ea8861114791bd8,11/30/2025,FALSE,DraftKings,Los Angeles Chargers,Las Vegas Raiders,spreads,-6.5,Las Vegas Raiders,1.91,6.5,
76ac5a8d2c8679ae6ea8861114791bd8,11/30/2025,FALSE,BetUS,Los Angeles Chargers,Las Vegas Raiders,spreads,-6.5,Las Vegas Raiders,1.91,6.5,
9c040de8f1dfc3ddee20e0d65c9402de,12/1/2025,FALSE,DraftKings,Washington Commanders,Denver Broncos,spreads,-2.5,Denver Broncos,1.91,2.5,
3e65786eddd4c7aee9e7f2504f6fdedc,12/2/2025,FALSE,DraftKings,New England Patriots,New York Giants,spreads,-3,New York Giants,1.95,3,
81db991c5b34169eeeff8d734d8836d9,12/5/2025,FALSE,DraftKings,Detroit Lions,Dallas Cowboys,spreads,-6,Dallas Cowboys,1.93,6,
f0bdd27bbed46dfc3d0657500c95a96c,12/7/2025,FALSE,DraftKings,Atlanta Falcons,Seattle Seahawks,spreads,-1.5,Seattle Seahawks,1.91,1.5,
4fead7bd0592ec121cc3baf72e3e21e0,12/7/2025,FALSE,DraftKings,Baltimore Ravens,Pittsburgh Steelers,spreads,-8.5,Pittsburgh Steelers,1.91,8.5,
4fead7bd0592ec121cc3baf72e3e21e0,12/7/2025,FALSE,BetUS,Baltimore Ravens,Pittsburgh Steelers,spreads,-9,Pittsburgh Steelers,1.83,9,
5b1211b476d0afa2b57133c9603583b6,12/7/2025,FALSE,DraftKings,Green Bay Packers,Chicago Bears,spreads,-3.5,Chicago Bears,1.95,3.5,
f95be6b9bd8ce1208f766cbaae8a4822,12/7/2025,FALSE,DraftKings,Cleveland Browns,Tennessee Titans,spreads,-1.5,Tennessee Titans,1.91,1.5,
f95be6b9bd8ce1208f766cbaae8a4822,12/7/2025,FALSE,BetUS,Cleveland Browns,Tennessee Titans,spreads,-1,Tennessee Titans,1.95,1,
4e289ac7d9b5663fd5a06881f2b1424d,12/7/2025,FALSE,DraftKings,Jacksonville Jaguars,Indianapolis Colts,spreads,-3,Indianapolis Colts,1.91,3,
4e289ac7d9b5663fd5a06881f2b1424d,12/7/2025,FALSE,BetUS,Jacksonville Jaguars,Indianapolis Colts,spreads,-3,Indianapolis Colts,1.91,3,
c86a0783216d21040c87fce3aadd3336,12/7/2025,FALSE,DraftKings,New York Jets,Miami Dolphins,spreads,1.5,Miami Dolphins,1.91,-1.5,
58b16c4033587f5662ff365bce2dbb92,12/7/2025,FALSE,DraftKings,Minnesota Vikings,Washington Commanders,spreads,1.5,Washington Commanders,1.91,-1.5,
58b16c4033587f5662ff365bce2dbb92,12/7/2025,FALSE,BetUS,Minnesota Vikings,Washington Commanders,spreads,1,Washington Commanders,1.87,-1,
15555b4c7283dc6553e011dd6c8aea8d,12/7/2025,FALSE,DraftKings,Tampa Bay Buccaneers,New Orleans Saints,spreads,-9.5,New Orleans Saints,1.91,9.5,
15555b4c7283dc6553e011dd6c8aea8d,12/7/2025,FALSE,BetUS,Tampa Bay Buccaneers,New Orleans Saints,spreads,-9.5,New Orleans Saints,1.91,9.5,
d5fd126cbfea2ccd79962a17f0ef4463,12/7/2025,FALSE,DraftKings,Las Vegas Raiders,Denver Broncos,spreads,3.5,Denver Broncos,1.91,-3.5,
12bbffdcd65d53436b56c68a811ca610,12/7/2025,FALSE,DraftKings,Arizona Cardinals,Los Angeles Rams,spreads,1.5,Los Angeles Rams,1.93,-1.5,
12bbffdcd65d53436b56c68a811ca610,12/7/2025,FALSE,BetUS,Arizona Cardinals,Los Angeles Rams,spreads,1,Los Angeles Rams,1.87,-1,
c67c327076a98a3a1c4a5eb32e5a80c2,12/7/2025,FALSE,DraftKings,Buffalo Bills,Cincinnati Bengals,spreads,-5.5,Cincinnati Bengals,1.91,5.5,
4727a6cfcd3d604dbfcb898c5a4d40a6,12/8/2025,FALSE,DraftKings,Kansas City Chiefs,Houston Texans,spreads,-6.5,Houston Texans,1.91,6.5,
5d7b12c34454df4ff2c59a15ca58e63f,12/9/2025,FALSE,DraftKings,Los Angeles Chargers,Philadelphia Eagles,spreads,2.5,Philadelphia Eagles,1.91,-2.5,
5d7b12c34454df4ff2c59a15ca58e63f,12/9/2025,FALSE,BetUS,Los Angeles Chargers,Philadelphia Eagles,spreads,2.5,Philadelphia Eagles,1.91,-2.5,
08bfd9cd8115339250817cc66a8b3cba,12/12/2025,FALSE,DraftKings,Tampa Bay Buccaneers,Atlanta Falcons,spreads,-5.5,Atlanta Falcons,1.91,5.5,
a360e4c43576d22057ff90d818928066,12/14/2025,FALSE,DraftKings,Houston Texans,Arizona Cardinals,spreads,-2.5,Arizona Cardinals,1.91,2.5,
1aa1fb046f11dadb32dad77d5baf552e,12/14/2025,FALSE,DraftKings,Cincinnati Bengals,Baltimore Ravens,spreads,2.5,Baltimore Ravens,1.91,-2.5,
1aa1fb046f11dadb32dad77d5baf552e,12/14/2025,FALSE,BetUS,Cincinnati Bengals,Baltimore Ravens,spreads,2.5,Baltimore Ravens,1.91,-2.5,
c127c7a2426ec655e18ca9c394068f6c,12/14/2025,FALSE,DraftKings,New England Patriots,Buffalo Bills,spreads,4.5,Buffalo Bills,1.91,-4.5,
8261541e6b9b32537bd0821ef2c0a05d,12/14/2025,FALSE,DraftKings,Chicago Bears,Cleveland Browns,spreads,-7,Cleveland Browns,1.91,7,
0f0601c020a478f5d9f81f06a141c2c8,12/14/2025,FALSE,DraftKings,Jacksonville Jaguars,New York Jets,spreads,-4.5,New York Jets,1.91,4.5,
cd5151f8a1e7fcba4901929e77b94acd,12/14/2025,FALSE,DraftKings,Kansas City Chiefs,Los Angeles Chargers,spreads,-4.5,Los Angeles Chargers,1.91,4.5,
cd5151f8a1e7fcba4901929e77b94acd,12/14/2025,FALSE,BetUS,Kansas City Chiefs,Los Angeles Chargers,spreads,-4.5,Los Angeles Chargers,1.91,4.5,
813dab51d999b87c7968ac4890965f73,12/14/2025,FALSE,DraftKings,Philadelphia Eagles,Las Vegas Raiders,spreads,-10.5,Las Vegas Raiders,1.91,10.5,
813dab51d999b87c7968ac4890965f73,12/14/2025,FALSE,BetUS,Philadelphia Eagles,Las Vegas Raiders,spreads,-10.5,Las Vegas Raiders,1.91,10.5,
3aba4bb1fe41ecd45f934116fcc90c3f,12/14/2025,FALSE,DraftKings,New York Giants,Washington Commanders,spreads,4.5,Washington Commanders,1.91,-4.5,
f3fd2782d4d03bd12a177fbbad17005b,12/14/2025,FALSE,DraftKings,New Orleans Saints,Carolina Panthers,spreads,1.5,Carolina Panthers,1.91,-1.5,
f3fd2782d4d03bd12a177fbbad17005b,12/14/2025,FALSE,BetUS,New Orleans Saints,Carolina Panthers,spreads,1,Carolina Panthers,1.87,-1,
2ec8a387d0c337aeffac3f956c292e87,12/14/2025,FALSE,DraftKings,Denver Broncos,Green Bay Packers,spreads,-1.5,Green Bay Packers,1.91,1.5,
bd299b70476643cff05f2be58e12301a,12/14/2025,FALSE,DraftKings,Los Angeles Rams,Detroit Lions,spreads,1.5,Detroit Lions,1.93,-1.5,
f7343baf47dcf23e672799d00788173d,12/14/2025,FALSE,DraftKings,Seattle Seahawks,Indianapolis Colts,spreads,-3.5,Indianapolis Colts,1.91,3.5,
f7343baf47dcf23e672799d00788173d,12/14/2025,FALSE,BetUS,Seattle Seahawks,Indianapolis Colts,spreads,-3.5,Indianapolis Colts,1.91,3.5,
7ba03312d1012d9872de9999e496558f,12/14/2025,FALSE,DraftKings,San Francisco 49ers,Tennessee Titans,spreads,-7.5,Tennessee Titans,1.91,7.5,
7ba03312d1012d9872de9999e496558f,12/14/2025,FALSE,BetUS,San Francisco 49ers,Tennessee Titans,spreads,-7.5,Tennessee Titans,1.91,7.5,
3c74ebd1d005a7346c182daf6f7279dd,12/15/2025,FALSE,DraftKings,Dallas Cowboys,Minnesota Vikings,spreads,1.5,Minnesota Vikings,1.91,-1.5,
ba5d065a7e9ea9afe54642036f2ec83a,12/16/2025,FALSE,DraftKings,Pittsburgh Steelers,Miami Dolphins,spreads,-2.5,Miami Dolphins,1.93,2.5,
ac7881cc5a498c5b72680498d3fa8f6e,12/19/2025,FALSE,DraftKings,Seattle Seahawks,Los Angeles Rams,spreads,1.5,Los Angeles Rams,1.91,-1.5,
9f70d98bc6918dc8e21f329405b649fe,12/20/2025,FALSE,DraftKings,Chicago Bears,Green Bay Packers,spreads,1.5,Green Bay Packers,1.91,-1.5,
9f70d98bc6918dc8e21f329405b649fe,12/20/2025,FALSE,MyBookie.ag,Chicago Bears,Green Bay Packers,spreads,1.5,Green Bay Packers,1.91,-1.5,
18fe4528a0bc43d9cd64bd09c0d5019f,12/20/2025,FALSE,DraftKings,Washington Commanders,Philadelphia Eagles,spreads,1.5,Philadelphia Eagles,1.91,-1.5,
18fe4528a0bc43d9cd64bd09c0d5019f,12/20/2025,FALSE,MyBookie.ag,Washington Commanders,Philadelphia Eagles,spreads,1.5,Philadelphia Eagles,1.91,-1.5,
18fe4528a0bc43d9cd64bd09c0d5019f,12/20/2025,FALSE,BetUS,Washington Commanders,Philadelphia Eagles,spreads,1,Philadelphia Eagles,1.87,-1,
a0476b027679a1670f21e8b75a860ab9,12/21/2025,FALSE,DraftKings,Baltimore Ravens,New England Patriots,spreads,-8.5,New England Patriots,1.91,8.5,
a0476b027679a1670f21e8b75a860ab9,12/21/2025,FALSE,BetUS,Baltimore Ravens,New England Patriots,spreads,-9,New England Patriots,1.83,9,
2557976e0e66ab698539b543de125469,12/21/2025,FALSE,DraftKings,Cleveland Browns,Buffalo Bills,spreads,8.5,Buffalo Bills,1.91,-8.5,
d056f31082bdea4d018a26ba274b8430,12/21/2025,FALSE,DraftKings,Carolina Panthers,Tampa Bay Buccaneers,spreads,3.5,Tampa Bay Buccaneers,1.91,-3.5,
d056f31082bdea4d018a26ba274b8430,12/21/2025,FALSE,BetUS,Carolina Panthers,Tampa Bay Buccaneers,spreads,3.5,Tampa Bay Buccaneers,1.91,-3.5,
aa9d0cf732b6adde4ad3ec04ca79825c,12/21/2025,FALSE,DraftKings,Dallas Cowboys,Los Angeles Chargers,spreads,1.5,Los Angeles Chargers,1.91,-1.5,
0cce34b9a49c4c6bdc1e65449e37a0f9,12/21/2025,FALSE,DraftKings,Tennessee Titans,Kansas City Chiefs,spreads,7,Kansas City Chiefs,1.91,-7,
0cce34b9a49c4c6bdc1e65449e37a0f9,12/21/2025,FALSE,BetUS,Tennessee Titans,Kansas City Chiefs,spreads,7,Kansas City Chiefs,1.83,-7,
3db6ba91d2a72ada8843d5a0517bff27,12/21/2025,FALSE,DraftKings,New York Giants,Minnesota Vikings,spreads,2.5,Minnesota Vikings,1.91,-2.5,
aa5b25e85d1ad6540d7a5ae04b73ddfd,12/21/2025,FALSE,DraftKings,New Orleans Saints,New York Jets,spreads,-1.5,New York Jets,1.91,1.5,
7d71a0d3cc2a04eb35f1a725104217b5,12/21/2025,FALSE,DraftKings,Arizona Cardinals,Atlanta Falcons,spreads,-3.5,Atlanta Falcons,1.91,3.5,
93c002f0a42d1b57f3bbabdcfe24ab97,12/21/2025,FALSE,DraftKings,Denver Broncos,Jacksonville Jaguars,spreads,-5.5,Jacksonville Jaguars,1.91,5.5,
a03f89d3aaadf737deb09be24986d5bf,12/21/2025,FALSE,DraftKings,Detroit Lions,Pittsburgh Steelers,spreads,-6,Pittsburgh Steelers,1.91,6,
47a54fb60f7b79179bc80e18a7c5de81,12/21/2025,FALSE,DraftKings,Houston Texans,Las Vegas Raiders,spreads,-4.5,Las Vegas Raiders,1.91,4.5,
945286798abb5081432aef109df29778,12/22/2025,FALSE,DraftKings,Miami Dolphins,Cincinnati Bengals,spreads,1.5,Cincinnati Bengals,1.91,-1.5,
2dd4521ee298fa2c6f0ab009c182aae9,12/23/2025,FALSE,DraftKings,Indianapolis Colts,San Francisco 49ers,spreads,3,San Francisco 49ers,1.87,-3,
2dd4521ee298fa2c6f0ab009c182aae9,12/23/2025,FALSE,BetUS,Indianapolis Colts,San Francisco 49ers,spreads,3,San Francisco 49ers,1.87,-3,
de07002921b9b2b2e1ee2928e4270a3c,12/25/2025,FALSE,FanDuel,Washington Commanders,Dallas Cowboys,spreads,-3.5,Dallas Cowboys,1.95,3.5,
de07002921b9b2b2e1ee2928e4270a3c,12/25/2025,FALSE,MyBookie.ag,Washington Commanders,Dallas Cowboys,spreads,-5.5,Dallas Cowboys,1.91,5.5,
de07002921b9b2b2e1ee2928e4270a3c,12/25/2025,FALSE,DraftKings,Washington Commanders,Dallas Cowboys,spreads,-5.5,Dallas Cowboys,1.91,5.5,
29da148b927afea00a7774b2a8ee68e7,12/25/2025,FALSE,FanDuel,Minnesota Vikings,Detroit Lions,spreads,2.5,Detroit Lions,1.88,-2.5,
29da148b927afea00a7774b2a8ee68e7,12/25/2025,FALSE,MyBookie.ag,Minnesota Vikings,Detroit Lions,spreads,2.5,Detroit Lions,1.91,-2.5,
29da148b927afea00a7774b2a8ee68e7,12/25/2025,FALSE,DraftKings,Minnesota Vikings,Detroit Lions,spreads,2.5,Detroit Lions,1.91,-2.5,
29164a99a917051c6e1778270033d362,12/26/2025,FALSE,DraftKings,Kansas City Chiefs,Denver Broncos,spreads,-4.5,Denver Broncos,1.91,4.5,
29164a99a917051c6e1778270033d362,12/26/2025,FALSE,MyBookie.ag,Kansas City Chiefs,Denver Broncos,spreads,-4.5,Denver Broncos,1.91,4.5,
7aeff5d5bb88b218c7d72f267a90eb7f,12/28/2025,FALSE,DraftKings,Cincinnati Bengals,Arizona Cardinals,spreads,-3.5,Arizona Cardinals,1.91,3.5,
7aeff5d5bb88b218c7d72f267a90eb7f,12/28/2025,FALSE,BetUS,Cincinnati Bengals,Arizona Cardinals,spreads,-3.5,Arizona Cardinals,1.91,3.5,
85bead6a72a1952cdd737dcecb55446b,12/28/2025,FALSE,DraftKings,Green Bay Packers,Baltimore Ravens,spreads,1.5,Baltimore Ravens,1.91,-1.5,
85bead6a72a1952cdd737dcecb55446b,12/28/2025,FALSE,BetUS,Green Bay Packers,Baltimore Ravens,spreads,1,Baltimore Ravens,1.87,-1,
8e7a26b4026e4eca7394cc523fa10a64,12/28/2025,FALSE,DraftKings,Carolina Panthers,Seattle Seahawks,spreads,1.5,Seattle Seahawks,1.91,-1.5,
8e7a26b4026e4eca7394cc523fa10a64,12/28/2025,FALSE,BetUS,Carolina Panthers,Seattle Seahawks,spreads,1,Seattle Seahawks,1.87,-1,
e6721ef0adb705a8abcbedc2ef6dfb3a,12/28/2025,FALSE,DraftKings,Cleveland Browns,Pittsburgh Steelers,spreads,2.5,Pittsburgh Steelers,1.91,-2.5,
e6721ef0adb705a8abcbedc2ef6dfb3a,12/28/2025,FALSE,BetUS,Cleveland Browns,Pittsburgh Steelers,spreads,2.5,Pittsburgh Steelers,1.91,-2.5,
832c36c4b6d5132e88cf11391797c194,12/28/2025,FALSE,DraftKings,Los Angeles Chargers,Houston Texans,spreads,-3.5,Houston Texans,1.91,3.5,
f960b282ac197513c9d80bd28baa7e38,12/28/2025,FALSE,DraftKings,Indianapolis Colts,Jacksonville Jaguars,spreads,-1.5,Jacksonville Jaguars,1.91,1.5,
f960b282ac197513c9d80bd28baa7e38,12/28/2025,FALSE,BetUS,Indianapolis Colts,Jacksonville Jaguars,spreads,-1,Jacksonville Jaguars,1.95,1,
374166780155b8c14e867face95885ee,12/28/2025,FALSE,DraftKings,Miami Dolphins,Tampa Bay Buccaneers,spreads,1.5,Tampa Bay Buccaneers,1.91,-1.5,
95bdb9f5b22f0491bfba1381637c5009,12/28/2025,FALSE,DraftKings,New York Jets,New England Patriots,spreads,1.5,New England Patriots,1.91,-1.5,
d75c88e4fb7650ab0577264980bdf98f,12/28/2025,FALSE,DraftKings,Tennessee Titans,New Orleans Saints,spreads,-3.5,New Orleans Saints,1.87,3.5,
d75c88e4fb7650ab0577264980bdf98f,12/28/2025,FALSE,BetUS,Tennessee Titans,New Orleans Saints,spreads,-3.5,New Orleans Saints,1.87,3.5,
596df6f5735277fee0cd78e61cd71060,12/28/2025,FALSE,DraftKings,Buffalo Bills,Philadelphia Eagles,spreads,-1.5,Philadelphia Eagles,1.91,1.5,
dd4aec72c5175cb8cea67d5edc7b1990,12/28/2025,FALSE,DraftKings,Las Vegas Raiders,New York Giants,spreads,-2.5,New York Giants,1.91,2.5,
b0dedebd28a82f8f38398033356e9015,12/29/2025,FALSE,DraftKings,San Francisco 49ers,Chicago Bears,spreads,-3.5,Chicago Bears,1.91,3.5,
ea5fe5f603483c8d46f83081cf780397,12/30/2025,FALSE,DraftKings,Atlanta Falcons,Los Angeles Rams,spreads,3,Los Angeles Rams,1.91,-3,
2f4cf01e2db22ed928eb8f0357a74007,1/4/2026,FALSE,DraftKings,Los Angeles Rams,Arizona Cardinals,spreads,-4.5,Arizona Cardinals,1.91,4.5,
2f4cf01e2db22ed928eb8f0357a74007,1/4/2026,FALSE,BetUS,Los Angeles Rams,Arizona Cardinals,spreads,-3.5,Arizona Cardinals,1.91,3.5,
7906052ca20e6daddf755c7fe3932887,1/4/2026,FALSE,DraftKings,Atlanta Falcons,New Orleans Saints,spreads,-4.5,New Orleans Saints,1.95,4.5,
f609b38fe2bf0687644ad8603e28220b,1/4/2026,FALSE,DraftKings,Pittsburgh Steelers,Baltimore Ravens,spreads,4.5,Baltimore Ravens,1.91,-4.5,
f609b38fe2bf0687644ad8603e28220b,1/4/2026,FALSE,BetUS,Pittsburgh Steelers,Baltimore Ravens,spreads,4.5,Baltimore Ravens,1.91,-4.5,
bd5134e8440a2b12cc8ac98ab4f18093,1/4/2026,FALSE,DraftKings,Buffalo Bills,New York Jets,spreads,-9.5,New York Jets,1.91,9.5,
4fd1173e2f647cbbebf6713d39693089,1/4/2026,FALSE,DraftKings,Tampa Bay Buccaneers,Carolina Panthers,spreads,-7,Carolina Panthers,1.91,7,
4fd1173e2f647cbbebf6713d39693089,1/4/2026,FALSE,BetUS,Tampa Bay Buccaneers,Carolina Panthers,spreads,-7,Carolina Panthers,1.87,7,
1a5451b8f0d74f90937c52bec447dc40,1/4/2026,FALSE,DraftKings,Chicago Bears,Detroit Lions,spreads,1.5,Detroit Lions,1.91,-1.5,
dad5ec44b4df2b91138872aeb4454e1e,1/4/2026,FALSE,DraftKings,Cincinnati Bengals,Cleveland Browns,spreads,-8.5,Cleveland Browns,1.91,8.5,
dad5ec44b4df2b91138872aeb4454e1e,1/4/2026,FALSE,BetUS,Cincinnati Bengals,Cleveland Browns,spreads,-9,Cleveland Browns,1.83,9,
d48a44e7b45f563282fd042c2104da9b,1/4/2026,FALSE,DraftKings,New York Giants,Dallas Cowboys,spreads,1.5,Dallas Cowboys,1.91,-1.5,
41fc7f3165cc9dfdb47c25a9decd7c9b,1/4/2026,FALSE,DraftKings,Minnesota Vikings,Green Bay Packers,spreads,1.5,Green Bay Packers,1.91,-1.5,
41fc7f3165cc9dfdb47c25a9decd7c9b,1/4/2026,FALSE,BetUS,Minnesota Vikings,Green Bay Packers,spreads,1,Green Bay Packers,1.87,-1,
26b8cf55eeac1bb05b585132f7dcc0e3,1/4/2026,FALSE,DraftKings,Houston Texans,Indianapolis Colts,spreads,-4.5,Indianapolis Colts,1.91,4.5,
623e9172767ca231241e2313bbee095e,1/4/2026,FALSE,DraftKings,Jacksonville Jaguars,Tennessee Titans,spreads,-4.5,Tennessee Titans,1.91,4.5,
623e9172767ca231241e2313bbee095e,1/4/2026,FALSE,BetUS,Jacksonville Jaguars,Tennessee Titans,spreads,-4.5,Tennessee Titans,1.91,4.5,
de4ae000f7f94eecf9d827eabff2991b,1/4/2026,FALSE,DraftKings,Las Vegas Raiders,Kansas City Chiefs,spreads,6,Kansas City Chiefs,1.91,-6,
de4ae000f7f94eecf9d827eabff2991b,1/4/2026,FALSE,BetUS,Las Vegas Raiders,Kansas City Chiefs,spreads,6,Kansas City Chiefs,1.91,-6,
d242576b25f56b3f598044c9abfb4df0,1/4/2026,FALSE,DraftKings,New England Patriots,Miami Dolphins,spreads,-2.5,Miami Dolphins,1.91,2.5,
b6eb23d78a4e1b3bf9946be7cfac0e6b,1/4/2026,FALSE,DraftKings,Philadelphia Eagles,Washington Commanders,spreads,-4.5,Washington Commanders,1.91,4.5,
b6eb23d78a4e1b3bf9946be7cfac0e6b,1/4/2026,FALSE,BetUS,Philadelphia Eagles,Washington Commanders,spreads,-4.5,Washington Commanders,1.91,4.5,
c624c615075899bb7be6a39e5eea3b2b,1/4/2026,FALSE,DraftKings,San Francisco 49ers,Seattle Seahawks,spreads,-4.5,Seattle Seahawks,1.91,4.5,
c624c615075899bb7be6a39e5eea3b2b,1/4/2026,FALSE,BetUS,San Francisco 49ers,Seattle Seahawks,spreads,-4.5,Seattle Seahawks,1.91,4.5,
30621f6a1072712bee795c15eafe9768,1/4/2026,FALSE,DraftKings,Denver Broncos,Los Angeles Chargers,spreads,-2.5,Los Angeles Chargers,1.91,2.5,